record_type,record_id,expected_disposition,counterparty_ids,scenario_tag,expected_discrepancy_paise,notes
order,order_VLHJoU3oRH95id,order_paid,pay_qZQ0yBy0kbflb2,order_paid_clean,0,
order,order_DGvYY9czelR3v4,order_paid,pay_CcPzIAxohWJnxu,order_paid_clean,0,
order,order_fmTxuIjNw6yGAL,order_refunded,pay_GlMktKORPeFOy5,order_refunded,0,
order,order_yudhUielLWMS5G,order_paid,pay_PA9Vn6HsDIJd0w,order_paid_clean,0,
order,order_CDFqKwjB3TgFVb,order_paid,pay_xM39IMrWsrshGN,order_paid_clean,0,
order,order_joTgn77LiCC5zZ,order_paid,pay_kFKWjBJHHr6YwP,order_paid_clean,0,
order,order_jhS5EhqFCukZUA,order_paid,pay_m1fb28Yhnim6sZ,order_paid_clean,0,
order,order_YsgpAQJis3OIfk,order_paid,pay_ii0TMNE4emdKz8,order_paid_clean,0,
order,order_PgA8VV7LUsQ6zT,order_paid,pay_0DKPj7VerghwxF,order_paid_clean,0,
order,order_Wav3Vt2I5eFCMr,order_paid,pay_kHN8KdrFCSFxTB,order_paid_clean,0,
order,order_l3CpGxzj7FULn5,order_paid,pay_pv6X6ncgahZznq,order_paid_clean,0,
order,order_shFKyPIkxAk9jq,order_paid,pay_noCCCTOtTgCkJq,order_paid_clean,0,
order,order_9xkwBCw2rZn0lo,order_refunded,pay_eFcZWAQIKePZ6k,order_refunded,0,
order,order_U1z5U4Uy4MCVn3,order_paid,pay_ZHBbdnu8uxQSIG,order_paid_clean,0,
order,order_xKHEHcBsQw4oKR,order_paid,pay_r5Ts1FiCREFKnc,order_paid_clean,0,
order,order_8G73aIkaTr0UdO,exception_unpaid_order,,order_unpaid,0,no captured payment ever arrived for this order
order,order_atKGC0Y24MNyTM,order_paid,pay_fizqc4q9ebYIU8,order_paid_clean,0,
order,order_5jCbLQJzWtpU8R,order_paid,pay_tP6147AMCOVVv9,order_paid_clean,0,
order,order_sR1L6EBDXGsRMj,order_paid,pay_9y3lwH1raAWllJ,order_paid_clean,0,
order,order_jTdo5tOKx6yKZt,order_paid,pay_ABeyrWDob2YFST,order_paid_clean,0,
order,order_g4OoePVBdyLwrZ,order_paid,pay_582Lk2Rvu2H2lH,order_paid_clean,0,
order,order_9QcCknoeJ4XaRK,order_paid,pay_JCeVQrwDtIEr9o,order_paid_clean,0,
order,order_qf9uWBwAaKYlAF,order_paid,pay_VRNAsj260PGEDH,order_paid_clean,0,
order,order_76DfCURyMTyso7,order_paid,pay_WXVPku13g4W0jN,order_paid_clean,0,
order,order_Sw16fdmNhdyJKG,order_paid,pay_HvD45a0yy1CoRw,order_paid_clean,0,
order,order_IMTn1lQfObkzLT,order_paid,pay_0rmbHeiOyZLdN8,order_paid_clean,0,
order,order_8xM0mFn52mtNQu,order_paid,pay_PQ2g8XXpj4kEbZ,order_paid_clean,0,
order,order_Gjasy2BmoGlnZQ,order_paid,pay_YnISeEXEB3LI02,order_paid_clean,0,
order,order_VjhFVKW2XcIpNE,order_paid,pay_E83BsRhcwBO61z,order_paid_clean,0,
order,order_YMdcLPQd7SYDnB,order_paid,pay_eqKT2GC0VusmcP,order_paid_clean,0,
order,order_0Di0fFdruiYdL3,order_paid,pay_8caOHWziVBeIo5,order_paid_clean,0,
order,order_NoFOcGrZhoFMUH,order_paid,pay_aE8S28qtFbex4s,order_paid_clean,0,
order,order_MfAAxQElClobHH,order_paid,pay_iXpRxdaFkD5yS7,order_paid_clean,0,
order,order_wtdqerM36iphqK,order_paid,pay_Ieezs2VxnfYRRC,order_paid_clean,0,
order,order_Tiv0O0gHoluCnr,exception_unpaid_order,,order_unpaid,0,no captured payment ever arrived for this order
order,order_HIfdBEjyN0BSUS,order_paid,pay_W85BB2ao9Q5yNm,order_paid_clean,0,
order,order_ii6FVyy84WWUpQ,order_paid,pay_kDEtoIqe0wNopy,order_paid_clean,0,
order,order_etqskkhfCpG1NV,order_paid,pay_9opyHC6C69ljkv,order_paid_clean,0,
order,order_ZJBWK55yhSapRw,order_paid,pay_FXek9beDwfauSb,order_paid_clean,0,
order,order_GUgbNe371XYEpt,order_paid,pay_Bj7LtvLA5uh321,order_paid_clean,0,
order,order_qjcFzUvfEwqq0o,order_paid,pay_7SNGKWrxtzjlHT,order_paid_clean,0,
order,order_yzekwYUmubPpxj,order_paid,pay_76iqStRW01pNFg,order_paid_clean,0,
order,order_D0ZHQcsXjeIUcr,exception_unpaid_order,,order_unpaid,0,no captured payment ever arrived for this order
order,order_7kfZGIxoVGTwtx,order_paid,pay_xiOCOoDpWYRGYH,order_paid_clean,0,
order,order_kDBPNhbxlAUOeJ,order_paid,pay_JcKPYOPSCoriMh,order_paid_clean,0,
order,order_6YIwl3ibGR7JlH,order_paid,pay_zDLN4XbeLVUD2G,order_paid_clean,0,
order,order_OBZ00L1iu8Tezl,order_paid,pay_Asf5wPj7fgRNwU,order_paid_clean,0,
order,order_nV8Sxai58B9TsT,order_cancelled,,order_cancelled,0,
order,order_IJIILz2Fq1UUyk,order_paid,pay_t7h2aKlh7EiERo,order_paid_clean,0,
order,order_MnVvdqol8ri2pb,order_paid,pay_JDM5ExiCHTwKqI,order_paid_clean,0,
order,order_SH19lu8GarpWnw,order_paid,pay_9jKtVvvEYDmmvu,order_paid_clean,0,
order,order_hZJozKDm38v74p,order_cancelled,,order_cancelled,0,
order,order_ZRr7D2QYYKoUAd,order_paid,pay_paoBxR6gA05tl9,order_paid_clean,0,
order,order_R0rjd3htIfsKW0,order_paid,pay_aGGUUTkPCyVgPt,order_paid_clean,0,
order,order_f4pRpQwhEv4KDx,order_paid,pay_Fuush4xWphbCRk,order_paid_clean,0,
order,order_kYIW9eQOwn6ori,order_paid,pay_wcqj2i3khqWD5u,order_paid_clean,0,
order,order_XrAlcSX5Bo9OnY,order_paid,pay_5TLcJzAVkVwH3a,order_paid_clean,0,
order,order_CXmoNBXvKwMgLp,exception_amount_mismatch,pay_jB2XAKo5cvoRWh,amount_mismatch,0,payment captured for a different amount
order,order_vbVOLwBZnEcUGL,order_paid,pay_pgthKC6GgawruP,order_paid_clean,0,
order,order_BkfO7YtKA66Rm4,order_paid,pay_c3uXF1B36USduj,order_paid_clean,0,
order,order_dVBRIZSBtAohFY,order_paid,pay_KfApslbkQZ8K5E,order_paid_clean,0,
order,order_Lh8mh1vmUcPnUj,exception_unpaid_order,,order_unpaid,0,no captured payment ever arrived for this order
order,order_9H7FMRcNqLdSNW,order_paid,pay_CHHKtNCw2TG8Ve,order_paid_clean,0,
order,order_3AtqkJBqDGfUro,order_paid,pay_yix2lobi4uHiCT,order_paid_clean,0,
order,order_1nFgKVvRfSC3Ac,order_paid,pay_7RFeHtNmkIJM4b,order_paid_clean,0,
order,order_eluDEzshwgPGHa,order_paid,pay_KmNpctUWX4m6ut,order_paid_clean,0,
order,order_Xk3xXrimRDKnAX,order_paid,pay_woc10fgfpT7Nkf,order_paid_clean,0,
order,order_MH4v6wt8jTzRWU,order_paid,pay_SuXVMPG7lE3XpG,order_paid_clean,0,
order,order_b8u11RK60Fweq0,order_paid,pay_nXC4tmEttRLO2H,order_paid_clean,0,
order,order_Q5qpIGVvm8xALp,order_paid,pay_Hu0glDY0pRyEn0,order_paid_clean,0,
order,order_VNs8y4f9efMeTD,order_paid,pay_P1bg3zxwFK7Gpv,order_paid_clean,0,
order,order_MPJBIUUMqt8S1X,order_paid,pay_LxMj9Vzpds450r,order_paid_clean,0,
order,order_iniLBRMYGiAWY0,order_paid,pay_TurD9gwnZHeDQx,order_paid_clean,0,
order,order_HgKSUreAdqqGmc,order_paid,pay_KIMU5DOsZaAGDM,order_paid_clean,0,
order,order_pYRT6I7EJUsxTG,order_paid,pay_Yj9nySVnt2T48N,order_paid_clean,0,
order,order_SNa6S9qa6jH1N7,order_paid,pay_PTSb8EsIBZ1x6x,order_paid_clean,0,
order,order_YAyUswMtEbg3XT,order_paid,pay_Dt4lpCIo3VJ4y9,order_paid_clean,0,
order,order_Kx6FaV4eym8FAw,order_paid,pay_dRUP6hD85ALEBz,order_paid_clean,0,
order,order_OQvMjcrmSKSWLI,order_paid,pay_bCmiaDLQU8uylv,order_paid_clean,0,
order,order_8bDhidA0KIOq93,order_paid,pay_gqB5xsKImEim55,order_paid_clean,0,
order,order_Sx70Tz6D0b9SgX,order_paid,pay_up1n9UXRlswNca,order_paid_clean,0,
order,order_OUIIRLueB5XB1m,order_paid,pay_t3immUWIplB2Sy,order_paid_clean,0,
order,order_aiwBkplzmrSeDL,order_paid,pay_36mC2w3tKHJNnD,order_paid_clean,0,
order,order_njw2cYTMjEcVAa,order_paid,pay_DreOHf46jEGW3C,order_paid_clean,0,
order,order_9BgZkuRlMbjz5Z,order_paid,pay_wfx8WCZosnTw8N,order_paid_clean,0,
order,order_TfkIcQGmoUgLXB,order_paid,pay_2oKQKVooNEyylB,order_paid_clean,0,
order,order_eOxYPDpuhEcfY0,order_paid,pay_Q6o7fc8MfEw15K,order_paid_clean,0,
order,order_kDGAzjwA8UzLYa,order_paid,pay_oTyjAfaWst6vnS,order_paid_clean,0,
order,order_yh9u7rKC4f2Y1Z,order_paid,pay_JtriX03IVxOlPd,order_paid_clean,0,
order,order_p7wvPp1Oc1YvsG,order_paid,pay_F7FYoth7LpGPre,order_paid_clean,0,
order,order_FTXRGbqc49nF5S,order_paid,pay_9IB68rf7byXmsU,order_paid_clean,0,
order,order_T4QlRgvcwa6cUX,order_paid,pay_DnBCiJQbjr5shf,order_paid_clean,0,
order,order_sPMNpUt9NuBmtU,order_paid,pay_z5u0TLUyv0Ap6x,order_paid_clean,0,
order,order_W8Tt5nS5VrbURr,order_paid,pay_tmlxcBmgQQqfW4,order_paid_clean,0,
order,order_3divrgUsuVBNVe,order_paid,pay_qD8yGERRSRWnMi,order_paid_clean,0,
order,order_43kIVdzfeYRjok,order_paid,pay_VJYxk5akxbmEA0,order_paid_clean,0,
order,order_Kiezl6fNVqL2fa,order_paid,pay_wDgfKIGaVx7HMl,order_paid_clean,0,
order,order_qYvfLXdNNcZ4CM,order_paid,pay_PuqqlNuNxK4okS,order_paid_clean,0,
order,order_RBFlUdekOesE2m,order_paid,pay_Sv32B6wKF9yH6w,order_paid_clean,0,
order,order_ZHm20j2gSB7nl9,order_paid,pay_SuBq8wqBW9jeq2,order_paid_clean,0,
order,order_8RH7n6A8RseeAF,order_paid,pay_UO7KzHqH2ahEgB,order_paid_clean,0,
order,order_uAshUBAsBIEL14,order_paid,pay_hyJVHhL7UpFcqI,order_paid_clean,0,
order,order_kMzKNcg1tI6Zy2,order_paid,pay_zdl6TGGPBoWqMs,order_paid_clean,0,
order,order_vgy6VRH3Kxvnf1,order_paid,pay_H8dDkQl1z3zxay,order_paid_clean,0,
order,order_EqV2yfLElhXCGM,order_paid,pay_EpxvlPjcAX4QE7,order_paid_clean,0,
order,order_eFMGVw0Dpaip1h,order_paid,pay_ze1izuM029soIP,order_paid_clean,0,
order,order_chsqu8KXBdAQuB,order_paid,pay_jTbLgGo5D6Ssah,order_paid_clean,0,
order,order_CxiYCEhSpMjQuy,order_paid,pay_ckpv8p8IxwrUfK,order_paid_clean,0,
order,order_O7aZMwuISJNAoA,order_paid,pay_is09Tch1icaw3V,order_paid_clean,0,
order,order_4CfGjyxHEwN6aJ,order_paid,pay_UlOozLiGLhUjMq,order_paid_clean,0,
order,order_6J5RX8lVIsFTFT,order_cancelled,,order_cancelled,0,
order,order_fsYDfBpUP2UVRM,order_paid,pay_KrDrKX9CGlzJJP,order_paid_clean,0,
order,order_8nGl2IVcRuqVdX,order_paid,pay_JlhFW2Q7mK4xlC,order_paid_clean,0,
order,order_2FDBqj4RZy3KNf,order_paid,pay_8UazGDb7GzKkji,order_paid_clean,0,
order,order_pCBfDUvZQDdnKS,order_paid,pay_AFKSNKxHxPVxgi,order_paid_clean,0,
order,order_pdrDaQGwik8nQw,order_paid,pay_R8GLNuEZ6c47H9,order_paid_clean,0,
order,order_KG12TVvloonI1C,order_paid,pay_GF08TxUsnAaX7N,order_paid_clean,0,
order,order_V2aarmCnqlSpRT,order_paid,pay_I788g7SiRXEqoJ,order_paid_clean,0,
order,order_qnTASqCxB62Cj7,order_paid,pay_VdhCkFL6Mk68Fk,order_paid_clean,0,
order,order_ZbopjUKP2ySZ81,order_paid,pay_LmUZLwLiKjSM6R,order_paid_clean,0,
order,order_tNmxHgK0ukOHsw,order_paid,pay_L6SmtlsnREbdgr,order_paid_clean,0,
order,order_CM1ie60kEzff5k,order_paid,pay_Kd6xgHRkR3JRYI,order_paid_clean,0,
order,order_zQRzEdbY0q53ts,order_paid,pay_bPfP5enEtKN6l9,order_paid_clean,0,
order,order_PcBnMixMnZFbtr,order_paid,pay_sIs99ZS9DlSskB,order_paid_clean,0,
order,order_GkWyCZf1j29l4B,order_paid,pay_uv1r9z0NyFF4Pa,order_paid_clean,0,
order,order_PYdUpZOvwUT9Q2,order_paid,pay_ndKKo41qKWHE3d,order_paid_clean,0,
order,order_UbZy2g23ru9u45,order_paid,pay_Ff9oQ7k7ou4q80,order_paid_clean,0,
order,order_v30XYYPYL9mavd,order_paid,pay_5zoJkG0L0bIWXz,order_paid_clean,0,
order,order_ncy5PqHyLvwwW6,order_refunded,pay_MTLtwmVTdp6avQ,order_refunded,0,
order,order_YogCIwJJPxOT50,order_paid,pay_mZBk1uO32DEpWS,order_paid_clean,0,
order,order_nQkj7JTj65tSka,order_paid,pay_2BfNJ8f7VbpJYd,order_paid_clean,0,
order,order_cP2HVO5OPOR4A0,order_paid,pay_AozWjCXQiehzqV,order_paid_clean,0,
order,order_Jd6p1iPeeukn7g,order_paid,pay_j0baHFcKK0KKkX,order_paid_clean,0,
order,order_QfqdVgEVl4m65S,order_paid,pay_3GXbe9UAeMh2U1,order_paid_clean,0,
order,order_0uUjLDuX4e6nt2,order_paid,pay_VeWrhbq7YdrNIP,order_paid_clean,0,
order,order_AtEgeMwqu3uh7m,order_paid,pay_zQjnI5OFFYx5G7,order_paid_clean,0,
order,order_pUiclBzKztc3Dx,order_paid,pay_0tY2CtXG6lwm0c,order_paid_clean,0,
order,order_cSWrPKLYPk8o8z,order_paid,pay_tNti0uT52fWjDH,order_paid_clean,0,
order,order_w0eXz9xaWFNEcS,order_paid,pay_5utxYeuqoBqHdI,order_paid_clean,0,
order,order_qWhkBLY61Eg7uB,order_paid,pay_RwD5wq4vkuSdlW,order_paid_clean,0,
order,order_SfCWPkKkBzzd8n,order_paid,pay_xNarhm3WN33eSs,order_paid_clean,0,
order,order_YRKCYa5bBXPh8g,order_refunded,pay_51gIdS1TzIvZOp,order_refunded,0,
order,order_L5xzyNoLo6PwHV,order_paid,pay_hVM2eb6kq0tBr6,order_paid_clean,0,
order,order_8KhuCq0N6C9g5n,order_paid,pay_1pf4GiZxC0XSxD,order_paid_clean,0,
order,order_r1AVv9cC7WXhIp,exception_unpaid_order,,order_unpaid,0,no captured payment ever arrived for this order
order,order_IGb3H8pqaD78Ed,order_paid,pay_uN0JpnwCErn1md,order_paid_clean,0,
order,order_uu2s7GXR89ZZzV,order_paid,pay_lF2uNGkVWMB9x5,order_paid_clean,0,
order,order_Ke349GMy77XpFI,order_paid,pay_ZMYZ1cKWYJOo6I,order_paid_clean,0,
order,order_H369yATDLo57gY,order_paid,pay_IDLbGYhDrfCRg5,order_paid_clean,0,
order,order_ePB4MaO4flz5LZ,order_paid,pay_W5oAkLYBOJl8Oi,order_paid_clean,0,
order,order_1axssxED4uEuTn,order_paid,pay_rJjqVt5S1zHYgD,order_paid_clean,0,
order,order_Btjj4VJeAyZuC9,order_paid,pay_0ypEPYlWsrS9j1,order_paid_clean,0,
order,order_GijJr1BV0Yz94X,order_paid,pay_6JTTuTgCJUHNlt,order_paid_clean,0,
order,order_fJOAKN2UhFH7zD,order_paid,pay_xFTyx0fyWZa8IP,order_paid_clean,0,
order,order_icCJWqZodpZjwj,order_paid,pay_fPI3ldp12f6YRR,order_paid_clean,0,
order,order_IClENRxqApEg6Z,order_paid,pay_O6TQyd1i7cH8Sa,order_paid_clean,0,
order,order_udwKtGs51O51Yb,order_paid,pay_UCjhijYuTea5jK,order_paid_clean,0,
order,order_IaHBBHrVCMKOgz,order_cancelled,,order_cancelled,0,
order,order_H5kBWd1D1NdDGD,order_paid,pay_StyaEPfSEcOaJO,order_paid_clean,0,
order,order_vzpGtsEHMRQJ1S,order_paid,pay_a32DU64RqShKto,order_paid_clean,0,
order,order_OwPQJ8o598GYed,exception_unpaid_order,,order_unpaid,0,no captured payment ever arrived for this order
order,order_NLo7ckX1VUzhch,order_paid,pay_9mvMr4b7guKQxc,order_paid_clean,0,
order,order_J9PmFQvmI9dREG,order_paid,pay_rn8sOyKqDUa63g,order_paid_clean,0,
order,order_G22adoTxa1guBe,order_paid,pay_3HCIR5yz4cskWO,order_paid_clean,0,
order,order_1PP5rwKTXaSJlZ,order_paid,pay_bpniRXVNv1LKXl,order_paid_clean,0,
order,order_lRdDno3kDmSolS,exception_unpaid_order,,order_unpaid,0,no captured payment ever arrived for this order
order,order_D92B30P8ZCP5P5,order_paid,pay_HLGTSX5m8mnBfD,order_paid_clean,0,
order,order_wdjwj5uggWcC7p,order_paid,pay_veGkKKcFeY9LW9,order_paid_clean,0,
order,order_ULYeQL99HIgxE8,order_paid,pay_zIYAcUiB8trcb0,order_paid_clean,0,
order,order_GmL1gvOKoRrJz9,order_paid,pay_ZWF6ZJbcEHd1vq,order_paid_clean,0,
order,order_aZ4pfcBIoIKe7a,order_paid,pay_e8PRULoOpBg0A1,order_paid_clean,0,
order,order_zA05bOczPj83h1,order_paid,pay_Xfr1KT8TJ72dEG,order_paid_clean,0,
order,order_PdUspq8gkr5Z7e,order_cancelled,,order_cancelled,0,
order,order_aZM21e1kAy4Pe2,order_paid,pay_Czcqnfx9kukPtf,order_paid_clean,0,
order,order_uZx2J17j8StHiL,exception_amount_mismatch,pay_dbGNTK34MozWTn,amount_mismatch,0,payment captured for a different amount
order,order_nS2fltIsKqYjKN,order_paid,pay_WvqeXi427HCQem,order_paid_clean,0,
order,order_24ZcSWkFddOsN2,order_paid,pay_cgDlbyB39BBhhk,order_paid_clean,0,
order,order_5xwShLhjp7CKFU,order_paid,pay_8xoEclzIhN0zIS,order_paid_clean,0,
order,order_BkWBARFu5b3UKS,order_paid,pay_jHUDbWl3Ntk44D,order_paid_clean,0,
order,order_EOvRw21hX7BowT,order_paid,pay_j2m8RdJVqYgzGY,order_paid_clean,0,
order,order_4kb7nVYva7Xd95,order_paid,pay_8ATw6dptK3QJ44,order_paid_clean,0,
order,order_S0XcyTLh6vIhEV,order_paid,pay_0g4J2NaB0LA4sX,order_paid_clean,0,
order,order_0GKbP3xUcRbDvm,order_paid,pay_MPOl9U7CLYzeM9,order_paid_clean,0,
order,order_Q2f3YKxTsjsBeO,order_paid,pay_tt8wKNzsRko02S,order_paid_clean,0,
order,order_g6CG6waDoc7zf2,order_paid,pay_VaKv2sIPfPyt7c,order_paid_clean,0,
order,order_xvbFgnRxutHfYq,order_paid,pay_dNtW7lEN9JaI19,order_paid_clean,0,
order,order_wBNANl7oKu3kgP,order_paid,pay_Z9FAMga2PP8Q8K,order_paid_clean,0,
order,order_6SoxgFvGB4iARj,order_paid,pay_2DwyLTCYQCHGWL,order_paid_clean,0,
order,order_WheynXmRRdAqw5,order_paid,pay_mGQtVVEMxCZZdn,order_paid_clean,0,
order,order_0GKpKhrb9SbmOB,order_paid,pay_SoMcnD1wR9tvlb,order_paid_clean,0,
order,order_mnOY9AS2zolu78,order_paid,pay_D8ZgLprjIncCZ8,order_paid_clean,0,
order,order_YS2qDp23UMoijS,order_paid,pay_AHKaS39zg7zr8E,order_paid_clean,0,
order,order_TALYhNDvrzJRar,order_paid,pay_fmrvYrEbvVw51Q,order_paid_clean,0,
order,order_0TU4S9ZyMKEHcS,order_paid,pay_uEC637DWrvMKLR,order_paid_clean,0,
order,order_q6OAaUmA2meADC,order_paid,pay_h4IvqAfnsu7wXw,order_paid_clean,0,
order,order_4nR5koVWuJP6e6,order_paid,pay_QJ0mN0TnH38xEt,order_paid_clean,0,
order,order_wT08h5owUCoryJ,order_paid,pay_cWdobW6LDttAS2,order_paid_clean,0,
order,order_mzm1hNtvxYze2E,order_paid,pay_zhKHumypQnqPU5,order_paid_clean,0,
order,order_hGiK89Z0xbiynT,order_paid,pay_Cm8uAeLvk9SED8,order_paid_clean,0,
order,order_H3rOvQO192aPPU,order_paid,pay_e9w1GRiRX2aVbA,order_paid_clean,0,
order,order_DpowieBYGY9wCZ,order_paid,pay_Saeh9AC49CTP88,order_paid_clean,0,
order,order_UwmRkkfUDgKdVu,order_paid,pay_atKbE34sHFJ28f,order_paid_clean,0,
order,order_b4g7tKFvmAzvRO,order_paid,pay_YxBdsDrIdmULls,order_paid_clean,0,
order,order_BjZ3m7njvogPva,order_paid,pay_12iBCaNOldNSbU,order_paid_clean,0,
order,order_7GObkdyQaSH2Jr,order_paid,pay_q7nKotjxSpDATE,order_paid_clean,0,
order,order_hp1vjCbd5yz9jQ,order_paid,pay_ZPgFgnAiZ6bfFC,order_paid_clean,0,
order,order_5d0VnEmWarzfmv,exception_unpaid_order,,order_unpaid,0,no captured payment ever arrived for this order
order,order_KzeeqBC7MMLBgE,order_paid,pay_TcGywSPeYNiUMK,order_paid_clean,0,
order,order_YLv1XlDiDMO4hr,order_paid,pay_JtZXLJpY6GflU3,order_paid_clean,0,
order,order_5dCSBsKG0s42K6,order_paid,pay_3euu41dPmw9XOo,order_paid_clean,0,
order,order_IRhOMGO1ZoWWOh,exception_unpaid_order,,order_unpaid,0,no captured payment ever arrived for this order
order,order_nxnv41Q5t4l0vB,order_paid,pay_wEbc7TsaSbbgWI,order_paid_clean,0,
order,order_dnmrhAb2CVl3Fh,order_paid,pay_hVspxDMjTP9mk7,order_paid_clean,0,
order,order_bfLKv2nDDXvLdy,order_paid,pay_rqRTcyIx075SDc,order_paid_clean,0,
order,order_yFcfQGnjo3wrtX,order_paid,pay_HzU8GTQwfcn11a,order_paid_clean,0,
order,order_MOs1z4wf0IQSi3,order_paid,pay_fRtSjS4I1O0TUN,order_paid_clean,0,
order,order_kAnVhyErzPOOlO,order_paid,pay_HMtSegZENhjlgi,order_paid_clean,0,
order,order_TIo3qzFsevTHJt,order_paid,pay_eq5bNvl53mKU0t,order_paid_clean,0,
order,order_HLi6lyRJyjTmlj,order_paid,pay_WuwoY2VcnhwQcf,order_paid_clean,0,
order,order_vNtNGoHV72lyvr,order_paid,pay_sMoioly8rKAhzK,order_paid_clean,0,
order,order_xxM4AOaHfUCpsK,order_paid,pay_7E5PxA9yxurK6U,order_paid_clean,0,
order,order_cf8qu09hBbbyDB,order_paid,pay_YX4wR3qsjvHMPX,order_paid_clean,0,
order,order_b8bTOqdchj7dNl,order_paid,pay_jVip2nuB606SNy,order_paid_clean,0,
order,order_GJm5ALqAjYKrJJ,order_paid,pay_8TWTGzwJyH3ELO,order_paid_clean,0,
order,order_tDOTYkReHsebqN,order_paid,pay_u2KW9l43IUDvYO,order_paid_clean,0,
order,order_Xz74tLHFtt7V0X,order_paid,pay_pQbojebfCUqqzj,order_paid_clean,0,
order,order_DtXq4GCt7G0F6u,order_cancelled,,order_cancelled,0,
order,order_9BIwRYzdcnm5xL,order_paid,pay_SWTXhXjqPXEnRg,order_paid_clean,0,
order,order_24l7Ty2bNqFPHn,order_paid,pay_djUqtSfXxKG39j,order_paid_clean,0,
order,order_hrbR8r9IiOGAeN,order_paid,pay_DaVdxQn0ywVzei,order_paid_clean,0,
order,order_qlHUCIgS90yuLu,order_paid,pay_QNbEnmBFCoIqRV,order_paid_clean,0,
order,order_TGS9VaF66zTF3q,order_paid,pay_QcjZLZUEHXUUWu,order_paid_clean,0,
order,order_VMAAi7xCvZ6vxI,exception_unpaid_order,,order_unpaid,0,no captured payment ever arrived for this order
order,order_6Srbs5aBRFvwva,order_paid,pay_ENYKox8uHruki8,order_paid_clean,0,
order,order_EMHMVNGBTMN5Ib,order_paid,pay_99zjg57WnFhnku,order_paid_clean,0,
order,order_5Xhd5BBvU35b0G,order_paid,pay_If88PuZ1QuO7Ab,order_paid_clean,0,
order,order_Nz8kMRegOBSXJg,order_paid,pay_xSEv2IXONHWx1c,order_paid_clean,0,
order,order_bcZMrxudjfI404,exception_amount_mismatch,pay_CGSwBEAf5Zy3x5,amount_mismatch,0,payment captured for a different amount
order,order_xeGErevTSUdfhF,order_paid,pay_p9IIcakOZBsM9q,order_paid_clean,0,
order,order_GVaPuHbbxZBNBl,order_paid,pay_25BSbng903e1i9,order_paid_clean,0,
order,order_1gGmDbRVanKRZg,order_paid,pay_ftuaiUwYMKXe9X,order_paid_clean,0,
order,order_ERphajuib2LqB8,order_paid,pay_lQK9fnkXjaxTV9,order_paid_clean,0,
order,order_113RCNOBJFAk6K,order_paid,pay_SeuTF9Cs7vvv6f,order_paid_clean,0,
order,order_NB47lvAAn5AB7s,order_paid,pay_uYHHx8q9NMYBkx,order_paid_clean,0,
order,order_6TjKWTo9X0pVfa,order_paid,pay_avPGqfZAwRjSe7,order_paid_clean,0,
order,order_b4VG5wIKotYZGF,order_paid,pay_YaZpXYXSsh6dhu,order_paid_clean,0,
order,order_c9yZzukV3gbbua,order_refunded,pay_J8NVR5aJOdwU1S,order_refunded,0,
order,order_JTl5F788ixsTQn,order_paid,pay_nJa50R0xKn7FxX,order_paid_clean,0,
order,order_MkTEyViPD1vb9D,order_paid,pay_pWZyYVVQX7TMow,order_paid_clean,0,
order,order_DMUCa94JGPoeC4,order_paid,pay_LwqaMAae5k3tGM,order_paid_clean,0,
order,order_BiwmoND3sWMsvm,order_paid,pay_jceI5L9bzNg3TM,order_paid_clean,0,
order,order_dy0yFBMRam9ueS,order_paid,pay_Go4NQUXVXZWvI3,order_paid_clean,0,
order,order_YRQQ4eXXnkToEk,order_paid,pay_OqvVHF1DcRktOd,order_paid_clean,0,
order,order_PIkYFHKN8nTfNn,order_paid,pay_eBKJgjw23G0RJh,order_paid_clean,0,
order,order_qEUiSXB63fbRab,order_paid,pay_DGjGEyvfOZ3au7,order_paid_clean,0,
order,order_UwdFBoZ4aUCb4i,order_paid,pay_e4TqJ7Bq5bNbCY,order_paid_clean,0,
order,order_r7CHULrApE9p8Q,order_paid,pay_I62v7bxq5QK1c6,order_paid_clean,0,
order,order_LmHA9ii3X0pSpw,order_paid,pay_7jzWaRRDTuKHMi,order_paid_clean,0,
order,order_ykr6AoGoYC5oOO,exception_unpaid_order,,order_unpaid,0,no captured payment ever arrived for this order
order,order_ZV9BC0GDYIWPpT,order_paid,pay_BGFPqaEyPfNJ8e,order_paid_clean,0,
order,order_9PODkb5UPXH3aP,order_paid,pay_rpiMqBWU5UIiWp,order_paid_clean,0,
order,order_ZVcNYuYKqcD1LQ,order_paid,pay_usCyjqEtdEDwtd,order_paid_clean,0,
order,order_oFcoXCCqIejyEy,order_paid,pay_mdIoJiaoxmqixv,order_paid_clean,0,
order,order_hE6fjuZgFl5obQ,order_paid,pay_fTubgMJ0u6QqrE,order_paid_clean,0,
order,order_fHxPDcn0Dy0JGK,order_paid,pay_2GireJ3FyAGfYP,order_paid_clean,0,
order,order_YlVNVOIYgFc5Y2,order_paid,pay_jhDM4mYGxkDzuh,order_paid_clean,0,
order,order_fyX6X0T8CzYHPo,order_paid,pay_QosEpzgzaCF9Re,order_paid_clean,0,
order,order_Y6fET16o9QeEsH,order_paid,pay_Yuair9tk2owftG,order_paid_clean,0,
order,order_XAjWXIXnKTz2Os,order_paid,pay_5qkoIfm9DBHsBi,order_paid_clean,0,
order,order_qf1t68WsxsKpIn,order_paid,pay_QGtCSwH3NzpjWQ,order_paid_clean,0,
order,order_82LQ35Kh3Gk1SJ,order_paid,pay_iyNxlhJOZjWTRL,order_paid_clean,0,
order,order_zjNFSnRGzCxIxA,order_paid,pay_ylaN1vWLRpPjMb,order_paid_clean,0,
order,order_VdwuOA5E4SiRgU,order_paid,pay_7Ca1Dhzf4g0JYd,order_paid_clean,0,
order,order_gsKq4MqypbNkuz,order_refunded,pay_pVb83Sm67SnvvA,order_refunded,0,
order,order_f2Pu9FBW5MPVQG,order_paid,pay_4ZEg4pbZNIWZ5i,order_paid_clean,0,
order,order_dL0wRC1I3rddx3,order_paid,pay_82ZIreJZRJhhb7,order_paid_clean,0,
order,order_AjEBYxyIUk6nwW,order_paid,pay_9G8yr1rRhwJEbh,order_paid_clean,0,
order,order_VORE7OvTnFCAYa,order_paid,pay_B45kZ4BIyaTKOX,order_paid_clean,0,
order,order_SpE9lIdEcOn82v,order_paid,pay_RTx31LGjS3tj6s,order_paid_clean,0,
order,order_M5vTAokU4NZdzX,order_paid,pay_jCB2bodk5lfY9f,order_paid_clean,0,
order,order_WrWbvk7ha8XOG5,order_paid,pay_0coifTurzhBnOp,order_paid_clean,0,
order,order_yxlF9H0h82pblC,order_paid,pay_SSMzyOvjwCepzE,order_paid_clean,0,
order,order_pJiMDwi0D05Ad8,order_paid,pay_GmFuYX6fxG5pJW,order_paid_clean,0,
order,order_pgTrwkXRd9ESuf,order_paid,pay_lQsJFPU46QDkQ1,order_paid_clean,0,
order,order_CcXFKT58TWB0ub,order_paid,pay_0uu0lNg7TnJKNA,order_paid_clean,0,
order,order_Lcg4sxMKhQ5UEe,order_paid,pay_7lvRORiZBWM798,order_paid_clean,0,
order,order_DomKBud7kcdfTx,order_refunded,pay_ln4wumGNnVMPrQ,order_refunded,0,
order,order_Nngh3ceffLHFYc,order_paid,pay_ypQO8bjsFktst5,order_paid_clean,0,
order,order_GDOBO41yeh1bvK,order_paid,pay_GAJgeC1zeK21no,order_paid_clean,0,
order,order_IGA0n7vF7KRqDB,order_paid,pay_octBdNIN7nPBjO,order_paid_clean,0,
order,order_lR6auIXwwXMXz4,order_paid,pay_ziYGwhfYuLv9Ho,order_paid_clean,0,
order,order_q7mHkUDEsAbOWx,order_paid,pay_xItMNE6ji9QlKv,order_paid_clean,0,
order,order_UFpPC0swynNVhO,order_paid,pay_P3tEWriby4yHXi,order_paid_clean,0,
order,order_zzPorgOV6lB6sT,order_paid,pay_rECADoo9BNElKR,order_paid_clean,0,
order,order_YFXlTJUc6dM7Cf,order_paid,pay_Pmz25xj9FlYXYY,order_paid_clean,0,
order,order_H5xH8yMMbndExs,order_paid,pay_5FImniqZQT1qph,order_paid_clean,0,
order,order_ILsHEogHVK3tsS,order_paid,pay_OFb84dHnKSTVZj,order_paid_clean,0,
order,order_ojKbDzpBrZikTn,order_paid,pay_rqSevFsudqtXx1,order_paid_clean,0,
order,order_V3jbuyvaude39U,exception_amount_mismatch,pay_Pf0QgTe6TnXFP0,amount_mismatch,0,payment captured for a different amount
order,order_ug707g6lUZliMY,order_paid,pay_1NBAsNc5fimJjv,order_paid_clean,0,
order,order_kY0yMCMvbB3Y1m,order_paid,pay_YcJLqnJbM3wTsk,order_paid_clean,0,
order,order_BtndyAd5SCvYLA,order_paid,pay_4H7y8dpuDFweF1,order_paid_clean,0,
order,order_q6DafJr54ynpER,order_paid,pay_mZGoTWoPj8klen,order_paid_clean,0,
order,order_O6CpAFj71wlVLL,order_paid,pay_fiycl13e97bZR8,order_paid_clean,0,
order,order_puXD2RIdwPaWMn,order_paid,pay_EK1ZHtlByRjkxU,order_paid_clean,0,
order,order_hQVKi4gOsDmz1K,order_cancelled,,order_cancelled,0,
order,order_FEIwsT221ZwCER,order_paid,pay_d25sBVOivPVMds,order_paid_clean,0,
order,order_xtEMrKFPuo3eVo,order_paid,pay_qOKzL1pXdvRtrn,order_paid_clean,0,
order,order_hjI9V852UANH1u,order_paid,pay_L8GiTtFVBRHQQV,order_paid_clean,0,
order,order_5lxNEUxBGfGdWL,order_paid,pay_ME7Tw1SrbbgL7t,order_paid_clean,0,
order,order_FnQA5BJbbJY6ro,order_paid,pay_ry9Sxi2DwvuKKG,order_paid_clean,0,
order,order_7G5DaJTfJLMxbP,order_paid,pay_GNVfjSVIcmWyAG,order_paid_clean,0,
order,order_PtDynDFZKeMlBQ,order_paid,pay_4FLUkUrlNvgmyV,order_paid_clean,0,
order,order_lSaqpjuvvle1qw,order_paid,pay_Jc7Re72J1RoZG7,order_paid_clean,0,
order,order_PSK2gN3VhJOYkq,order_paid,pay_T8WJzUOlVxekzw,order_paid_clean,0,
order,order_VEmnPbbxrsqBN0,order_paid,pay_UCGCqpXZsuZSMv,order_paid_clean,0,
order,order_LW46CipLWIETor,order_paid,pay_HM92DCb0Nbml7m,order_paid_clean,0,
order,order_7VDi8hsB5yVWyj,order_paid,pay_ntbYlRXDatNAgd,order_paid_clean,0,
order,order_WxhY2VTPgSt4Jw,order_paid,pay_NIp7bO8tWDvx8D,order_paid_clean,0,
order,order_rnSfnwq0DYUAkr,order_paid,pay_CBIs7uzG40oV4k,order_paid_clean,0,
order,order_Jxk0QOxu8BQkO1,order_paid,pay_rsxbsi5PspyiBI,order_paid_clean,0,
order,order_qHVsBKV0MkNUOY,exception_amount_mismatch,pay_Pwz8hCjHPM5wmx,amount_mismatch,0,payment captured for a different amount
order,order_xaMjBcJo5wvF9c,order_paid,pay_3UKM5ifMhot25Y,order_paid_clean,0,
order,order_uVest0KPI78rbM,order_paid,pay_nRs2XKkgWSdpoa,order_paid_clean,0,
order,order_wdFu1sYj2nXAyr,exception_unpaid_order,,order_unpaid,0,no captured payment ever arrived for this order
order,order_UY5vSL9tY6uKoa,order_paid,pay_MJBXp7ZDz88Toz,order_paid_clean,0,
order,order_RQFsFbw8HII02O,order_paid,pay_aH1PretoILLuc2,order_paid_clean,0,
order,order_xd7GAtHR3u2jeu,order_paid,pay_M8D5Ie7dp8DbJ1,order_paid_clean,0,
order,order_xR126p5xM63Rj7,order_paid,pay_RKIq0vS39U94yT,order_paid_clean,0,
order,order_vT3umLsgNdpDGO,order_paid,pay_mB22LKTP1KD3CC,order_paid_clean,0,
order,order_HEWsWO4oNqrDiB,order_paid,pay_7srzPlCpdmJRRA,order_paid_clean,0,
order,order_9nER1sWlDFtd7i,order_paid,pay_wGiLOmt0Sb2FWx,order_paid_clean,0,
order,order_0rxwUXDlilJ3YW,order_paid,pay_T58Yro0lwqUYsT,order_paid_clean,0,
order,order_TDfeVeHtZXvTaM,order_paid,pay_cjBzweuaBgqheC,order_paid_clean,0,
order,order_bRzNe1CbIb90Pd,order_paid,pay_VqmiSa4btgf3wR,order_paid_clean,0,
order,order_JzvfCZ4BjYESfB,order_paid,pay_M59oL2GXSlUy6X,order_paid_clean,0,
order,order_9Qk87WQ28EVS5l,order_paid,pay_lBzfDGtkC68LNA,order_paid_clean,0,
order,order_luxTuqoFZSnCDH,order_paid,pay_uVMkHwK80oRPVq,order_paid_clean,0,
order,order_3yXq65N59TzRQO,order_paid,pay_n6M6TD7bqAoS7x,order_paid_clean,0,
order,order_hTCP2L63iCrXMj,order_paid,pay_51VyvHphEoGdZz,order_paid_clean,0,
order,order_ONVhrL8J2CqthQ,order_paid,pay_JsIwhaOMaoNpYo,order_paid_clean,0,
order,order_zyWhXGbnF3bKgh,order_paid,pay_w7mQIOzG1u7VMx,order_paid_clean,0,
order,order_cKACvTIrCI9vw4,order_paid,pay_zL9kscDxsz24MP,order_paid_clean,0,
order,order_2MBF2G404VKs8W,order_paid,pay_CicmQOSLwFrZNs,order_paid_clean,0,
order,order_EAgx0a9HfZwatV,order_cancelled,,order_cancelled,0,
order,order_uzSR6LH1sGoVpB,order_paid,pay_TJRNyxu3ts2JmD,order_paid_clean,0,
order,order_qNV4ls5hpZvNrO,order_paid,pay_xMGVt06wJxcuLn,order_paid_clean,0,
order,order_xmASSFWVFhAdwr,order_paid,pay_aJXSG2ST4sPRea,order_paid_clean,0,
order,order_jzWmSe9U6onXWc,order_paid,pay_t2569viciX2aOG,order_paid_clean,0,
order,order_XpJEbuOci1gvKW,order_paid,pay_fStYo5hn8sBBCd,order_paid_clean,0,
order,order_fGk8uWeIwOK2JO,order_paid,pay_SJTDIyciLzDfHU,order_paid_clean,0,
order,order_CT0dnHUnJlY7SE,order_paid,pay_7aYLdAYTPLZone,order_paid_clean,0,
order,order_HcL7HnWlJlMbl9,order_paid,pay_Z1G3COPXQFPV1Z,order_paid_clean,0,
order,order_sKdkUDnpnzau7X,order_paid,pay_MYCfedkUxC2JuE,order_paid_clean,0,
order,order_0UWLMvu3VWA3Ou,order_paid,pay_I1Hmra3yNkU8Sy,order_paid_clean,0,
order,order_Gfuzbs3PylFW1W,order_paid,pay_insOQOsjQxhmOE,order_paid_clean,0,
order,order_sxgr9hySxHH9oi,order_refunded,pay_Va6yVPYAmIZ1M4,order_refunded,0,
order,order_zqoR8Id6KgMA1J,order_cancelled,,order_cancelled,0,
order,order_FvlAZev1712exX,order_paid,pay_ivX2b4zFk8gqnq,order_paid_clean,0,
order,order_gl3RoZWZUYrhpH,order_paid,pay_P1087IzT471flC,order_paid_clean,0,
order,order_kg1awJrQZRLlmB,order_paid,pay_j5nv14E9JEwrqS,order_paid_clean,0,
order,order_AnU5ultZtFegXN,order_paid,pay_5pcrMQT8UVLufG,order_paid_clean,0,
order,order_wgj6FVlKDxwL6Z,order_paid,pay_dfXW2xEpdaQS6F,order_paid_clean,0,
order,order_bhWb103O2FMTnt,order_paid,pay_C3aBwt3LyBDOB6,order_paid_clean,0,
order,order_pUUaW2H0UEtoG2,order_paid,pay_1F7BMyQbH8s69K,order_paid_clean,0,
order,order_GNQKXosd3vC2Lo,order_paid,pay_0cFiK7iY8scrYO,order_paid_clean,0,
order,order_nsLWCoQdh4W68L,order_paid,pay_Rmk1OAHjvgV508,order_paid_clean,0,
order,order_Rwy0o4BDFvjqkK,order_paid,pay_pm6TTs3Urqg54f,order_paid_clean,0,
order,order_JcCqQEbHP06htM,exception_unpaid_order,,order_unpaid,0,no captured payment ever arrived for this order
order,order_GM0MOspoLnCxF3,order_paid,pay_bPZGD9yaKtuFrE,order_paid_clean,0,
order,order_VxdvTPbSedpDT0,order_paid,pay_3W2vJZuJYVN9qY,order_paid_clean,0,
order,order_gKXQ9aXNkb2khR,order_paid,pay_fYgOuWM1V5wRs0,order_paid_clean,0,
order,order_rQiNsLzuRWnzu8,order_paid,pay_a2pAWSgNopQd7g,order_paid_clean,0,
order,order_XRM1IVRHv4Lzwn,order_paid,pay_xEaLZhZkP74Tyl,order_paid_clean,0,
order,order_qnYIc3G7rEUN8e,order_paid,pay_MPAMMBhdJZfuvw,order_paid_clean,0,
order,order_BsoGP6A7YnaQOx,order_paid,pay_AIsOWhOmAWq9sY,order_paid_clean,0,
order,order_rddA4z8kvThaIv,exception_unpaid_order,,order_unpaid,0,no captured payment ever arrived for this order
order,order_PPI8aJVVVRsHok,order_paid,pay_hG9LZcVc6rNtN0,order_paid_clean,0,
order,order_ir6zaCubJbXHIT,order_paid,pay_WJcwd4tr4W4Cyx,order_paid_clean,0,
order,order_qtlhzUZIXxvg0a,order_paid,pay_WY5e8x3RVPdyH8,order_paid_clean,0,
order,order_7MiSl7MybIPxd4,order_paid,pay_rM8bWrSl8iONXx,order_paid_clean,0,
order,order_7CbXZt9EsrffMb,order_paid,pay_TAX7P7mwY5bMLR,order_paid_clean,0,
order,order_M09HFjRflDwAtH,order_paid,pay_lVm9hUNKcilZoF,order_paid_clean,0,
order,order_bJhZ2daCnU0aIO,order_refunded,pay_ukuLian1PtenRi,order_refunded,0,
order,order_jMmBZIGRJdwSqR,order_paid,pay_VRKienYnxxKYZK,order_paid_clean,0,
order,order_LZdZITi24TKvC4,order_cancelled,,order_cancelled,0,
order,order_pWgTxChTXVmE23,order_paid,pay_gYH5VZEADdn82g,order_paid_clean,0,
order,order_UHtA1vZzMbY1jZ,order_paid,pay_0xzaLNINwHycqY,order_paid_clean,0,
order,order_2rrvioPmgpPWiq,order_paid,pay_2UDEPYNQoYlhDl,order_paid_clean,0,
order,order_Bkcg372myLQgZ5,order_paid,pay_hLmQMoXnG2RfP7,order_paid_clean,0,
order,order_snJYn32k1CFkRb,order_paid,pay_LtdzTGjEjVHSrf,order_paid_clean,0,
order,order_E3dC5ELJ3lF1Fr,order_refunded,pay_8G4av4BGqpZjCx,order_refunded,0,
order,order_94hpggcSCMDHq3,order_paid,pay_MiJf3zytOPhPDL,order_paid_clean,0,
order,order_a6mtFw48tpWic0,order_cancelled,,order_cancelled,0,
order,order_CaAapTgQKak9lV,order_paid,pay_71Ssc7A1Vr6ni3,order_paid_clean,0,
order,order_JTgfCMH3pchE0a,order_paid,pay_0PqbD0mcqBfpmF,order_paid_clean,0,
order,order_RBfdWCiH73KUx3,order_paid,pay_n1K5Xmp8WoQIo9,order_paid_clean,0,
order,order_Ua5hRspDCD7swk,order_paid,pay_1U9qyddjTE2GMC,order_paid_clean,0,
order,order_cjJCj2MaXtNClK,exception_unpaid_order,,order_unpaid,0,no captured payment ever arrived for this order
order,order_WGJB1hADZ0uyyM,order_paid,pay_diMJkevem5gLIX,order_paid_clean,0,
order,order_gnzXXaTzvhmypB,order_paid,pay_ouZvAhW2zGGJGs,order_paid_clean,0,
order,order_wGO6l5Oe5fAzn2,order_paid,pay_u96ZdtbfjbOaT4,order_paid_clean,0,
order,order_fsHEtcHCj4Wih9,order_paid,pay_mZOS8CPn9AJr8k,order_paid_clean,0,
order,order_zOOlDxLMaDH0wv,order_paid,pay_rj6AaR6RyxKehn,order_paid_clean,0,
order,order_uD4FTNbAFR4c9O,exception_unpaid_order,,order_unpaid,0,no captured payment ever arrived for this order
order,order_vofkAhCMuxVVfG,order_paid,pay_eg6DUdQY7RbDg6,order_paid_clean,0,
order,order_j1WZ9yAoGxzf7W,order_paid,pay_T2tZToVpGLZ4gB,order_paid_clean,0,
order,order_IEcI9iyKifUJof,order_paid,pay_RgeGj0wdWw3zRE,order_paid_clean,0,
order,order_VLh2UyzdsKy2Bi,order_paid,pay_WZaCRLNMdypJcs,order_paid_clean,0,
order,order_xc2ciRHKL0M9IZ,order_paid,pay_iWZaI760nYoKTT,order_paid_clean,0,
order,order_xsQFnWcGO5L7yj,order_paid,pay_30AxI79yLctiJL,order_paid_clean,0,
order,order_UBpyMl4tgMNUnd,order_paid,pay_I2mpnLszwucA0W,order_paid_clean,0,
order,order_MNSuVLvKMYOvCE,order_paid,pay_dJvdOatgQ2GVWY,order_paid_clean,0,
order,order_dSw4wOxbSbwO9U,order_paid,pay_oIuNtEt8c2tkn8,order_paid_clean,0,
order,order_ZkDQmN0o3HKQBO,order_paid,pay_92t6SY96MlFPbI,order_paid_clean,0,
order,order_jLOBRr876oEmZf,order_paid,pay_3itVf5dRQErW2v,order_paid_clean,0,
order,order_wbEmSu91fv9GIH,order_paid,pay_9VHcsoOv4fsbAE,order_paid_clean,0,
order,order_2AFY2f4GP9qdMa,order_paid,pay_ZgZQ9fuwozIY4Q,order_paid_clean,0,
order,order_0YdNJVCxCeGIOt,order_paid,pay_Z12PnPzDljeTKl,order_paid_clean,0,
order,order_8fUCsNngyV7BvX,order_paid,pay_CNVz7WUuvx1Q1L,order_paid_clean,0,
order,order_pKGh3QHqYA9RM4,order_cancelled,,order_cancelled,0,
order,order_eZmZfKr9pl9JQ7,order_paid,pay_SLpLx1xDuiGW5i,order_paid_clean,0,
order,order_pEMQ3WG2WCVPUX,order_paid,pay_netssHGWAkg4on,order_paid_clean,0,
order,order_SoKHwxKOhGh66l,order_paid,pay_JuoxstepJub53V,order_paid_clean,0,
order,order_8uohY3zkhLGeAS,order_paid,pay_PrcguC41t0z6Po,order_paid_clean,0,
order,order_wcEHz3qj6OefFe,order_paid,pay_PpQUN7q01vGXhP,order_paid_clean,0,
order,order_grHjUi9IWjJNAR,order_paid,pay_EqEzm8I4r8OMEp,order_paid_clean,0,
order,order_8CfM8GiG5Q19bw,order_paid,pay_3RsvRBsTI4n064,order_paid_clean,0,
order,order_VE4cNipsVtal3I,exception_amount_mismatch,pay_41fXjVmGWPpqdI,amount_mismatch,0,payment captured for a different amount
order,order_wGsUZAv07TCy8c,order_paid,pay_Rdx0xm5znoIEVt,order_paid_clean,0,
order,order_NzgITQfFoDucbE,order_paid,pay_FyxoeNRoEZOxo8,order_paid_clean,0,
order,order_eCNAwF0koKAU87,order_paid,pay_62gchq4sn9Bfh4,order_paid_clean,0,
order,order_LmY1H1oIwaKKzB,order_paid,pay_fAPC9AF41H1vcZ,order_paid_clean,0,
order,order_Sn9LtMYGofd9V0,order_paid,pay_dFafv8EUvCGnlT,order_paid_clean,0,
order,order_Stl8XKBngSdVfL,exception_amount_mismatch,pay_HhQAg1YCamNBQD,amount_mismatch,0,payment captured for a different amount
order,order_6bD7pi0ujphTrs,order_paid,pay_Ex9UtkOzcSOFXm,order_paid_clean,0,
order,order_WVDJbQuWIELOtn,order_paid,pay_8XWc57m7haHerX,order_paid_clean,0,
order,order_SbsFtB7JHfSzPE,order_refunded,pay_iNJO4vGPyGG2c0,order_refunded,0,
order,order_m9YVhitALkbc4V,order_paid,pay_ULVYlGaF53Yyik,order_paid_clean,0,
order,order_uKPdhewoSq99eT,order_paid,pay_AsWfanFtlJCJHy,order_paid_clean,0,
order,order_iw7i1T7oV6fceG,order_paid,pay_zjAzcDmUtUGqLd,order_paid_clean,0,
order,order_Jx0LE02Govs2TZ,order_paid,pay_EpuFT3UTKATluD,order_paid_clean,0,
order,order_WV1lX5UAJ1RSJi,order_paid,pay_orGTJEwtTkjls7,order_paid_clean,0,
order,order_fwT86ymC9JzgzH,order_paid,pay_MWATYlOI07XH4g,order_paid_clean,0,
order,order_J3XZfZzkUVVsP7,order_paid,pay_Rkszu0gtafCBH3,order_paid_clean,0,
order,order_5fhEulmlIzxRKJ,exception_unpaid_order,,order_unpaid,0,no captured payment ever arrived for this order
order,order_q7IbpxilZLCapn,order_paid,pay_A9iPu4Hiid62gI,order_paid_clean,0,
order,order_1in6rr9ooHV3T0,order_paid,pay_d2TirWEwEMxXLx,order_paid_clean,0,
order,order_78wb8Ft4NSe3wH,order_paid,pay_8iqKBA6OzEGFgP,order_paid_clean,0,
order,order_NXWIAVZkRHDlTR,order_paid,pay_kAISx5Un260CEZ,order_paid_clean,0,
order,order_FtERFqN6uxeVaX,order_paid,pay_H7KfEi32reEvGp,order_paid_clean,0,
order,order_yP8ZEK5vo8KAUh,order_paid,pay_TuC8NlDb4dpKBQ,order_paid_clean,0,
order,order_6pk1a9DmRSctqO,order_paid,pay_ciG5kEma1hccaC,order_paid_clean,0,
order,order_uFIQwBEDRHeHQb,order_paid,pay_EsHDhn8wJfJnCy,order_paid_clean,0,
order,order_203IZ357zEQweo,order_paid,pay_LxF7NDV4jrPATs,order_paid_clean,0,
order,order_vGONQdOQUHqFNM,order_paid,pay_FS0Nk8lsEc550B,order_paid_clean,0,
order,order_CRCF5VQpBEo4O6,order_paid,pay_NYrOblntdegw2j,order_paid_clean,0,
order,order_v1hTQD2ro05Aua,order_paid,pay_M3RFYGbpcsAvvY,order_paid_clean,0,
order,order_u8RAvQUtc7469e,order_paid,pay_DINirqLzIyqBY5,order_paid_clean,0,
order,order_cQimy4XZRDaCNF,order_paid,pay_hi7HBWzYtiKWBO,order_paid_clean,0,
order,order_DVsqw0gy46orcW,order_paid,pay_gZwUBOA3Xm1kwG,order_paid_clean,0,
order,order_NuGHCEmIcRBwVU,order_paid,pay_2kp7qfjMgwGbk5,order_paid_clean,0,
order,order_oUbN5X2xrrTsDb,order_paid,pay_BQOPVyoOw8eBz2,order_paid_clean,0,
order,order_QBkzZ6stCXFDPR,order_paid,pay_ycZe6XJY38PXFH,order_paid_clean,0,
order,order_zfu5zpVyAx65NI,order_paid,pay_WAf1kBxPxeRc4B,order_paid_clean,0,
order,order_VSy6jG8WeNDzlP,order_refunded,pay_AdhpDIlnU5E9AS,order_refunded,0,
order,order_Z4u5dqFlzumDv9,order_paid,pay_zQKPwsX8X8rhie,order_paid_clean,0,
order,order_KpgHzEYyEAXNCm,order_paid,pay_eFwFYh0h2ksV7W,order_paid_clean,0,
order,order_GbqePgSfNJB6JC,order_paid,pay_5EPvzNkyrg8Tae,order_paid_clean,0,
order,order_oxN5oki6bY0ZxI,order_paid,pay_B8U58ZFQhGIlux,order_paid_clean,0,
order,order_wI91spxrkL7Dap,order_paid,pay_MvgBupkDRSPwud,order_paid_clean,0,
order,order_FHVfq0KA2i0qkW,order_paid,pay_HmygnT4G51Fq8p,order_paid_clean,0,
order,order_PvgyDFmMVcuzKH,order_paid,pay_CTENxJS5PGsoVH,order_paid_clean,0,
order,order_R5dwsDl5jzS07d,order_paid,pay_Vx9BG3ugASVjXt,order_paid_clean,0,
order,order_ZxUm1IiorrBaEd,order_paid,pay_OXwmej0tdDb7hl,order_paid_clean,0,
order,order_OT827E4ZLV1yb6,order_paid,pay_g9aaAZItL5TeN7,order_paid_clean,0,
order,order_07evsf0g8deUPP,order_paid,pay_3q27zTzvw88GaW,order_paid_clean,0,
order,order_li9ZURyguLoYa1,order_paid,pay_fzWn7ZDtN2XgBF,order_paid_clean,0,
order,order_Sbl7X2nC3rXFlY,order_paid,pay_IGVmQu90RJYpkf,order_paid_clean,0,
order,order_2SyXga4cSah21B,order_paid,pay_7WNylPek1KmGFb,order_paid_clean,0,
order,order_S69gcpay2ghS2Z,order_paid,pay_xSk5BLDyik3OdA,order_paid_clean,0,
order,order_7GpKemCPXObefo,order_paid,pay_vsAkT2cJuG8lt2,order_paid_clean,0,
order,order_dRbp0gxHWD0mJq,exception_unpaid_order,,order_unpaid,0,no captured payment ever arrived for this order
order,order_TbBfrRlze6CirK,order_refunded,pay_XvQQVUn3RvLtAw,order_refunded,0,
order,order_NdG0mjcPjmGPPc,order_paid,pay_zc93oCp7rjkbSm,order_paid_clean,0,
order,order_lO0yUyVbpIP5M3,order_paid,pay_DpDw6dss72VhEE,order_paid_clean,0,
order,order_e2KRC1YVvm0iLb,order_paid,pay_nOLfE9EUGafJG1,order_paid_clean,0,
order,order_QX2f4YxL5Aav1T,order_paid,pay_7Y1b6TsV2U3XAV,order_paid_clean,0,
order,order_LIzFnRQ3SH3SN6,order_paid,pay_h9o40COuJgDyDn,order_paid_clean,0,
order,order_beRYDbig0sa0mB,order_paid,pay_Trp6NKFVnsLiAD,order_paid_clean,0,
order,order_pdmFHbVeg8QOJT,order_paid,pay_EVzNgArR4UQKPz,order_paid_clean,0,
order,order_PGNeAGzHo7tQiw,order_paid,pay_HeXTgCBvR0ngBH,order_paid_clean,0,
order,order_uzfOUC0knwNRhW,order_paid,pay_trVtFjv91yXmQ1,order_paid_clean,0,
order,order_QiW5G25WGgp3Ay,order_paid,pay_7ymtf0JrWH6Vnv,order_paid_clean,0,
order,order_ZUem0FAYzQ0Ssy,order_paid,pay_18itgJ6y5mNfNV,order_paid_clean,0,
order,order_LkOAuRVeyqJy1r,order_paid,pay_ECFKa5ij0ftt3E,order_paid_clean,0,
order,order_CEJuZu6QVXr5Gu,order_paid,pay_MmyuWUmnc8p5pL,order_paid_clean,0,
order,order_e60ed40BkPgh6g,order_paid,pay_d1yLti8aARgt5r,order_paid_clean,0,
order,order_JLTIRkY5UCXvqu,order_paid,pay_RcW9m5Knfn06jF,order_paid_clean,0,
order,order_3oNIGm8WoqDV63,order_paid,pay_LIORvee8qVtDYp,order_paid_clean,0,
order,order_8oVVpMONXVaSay,order_paid,pay_gK3lnaYLkqVRrj,order_paid_clean,0,
order,order_pciaghHRT8pGf3,order_paid,pay_7LS2Rd0MAFuyhu,order_paid_clean,0,
order,order_65aLynMlteovLe,order_refunded,pay_3jaDLQXL5gv4HB,order_refunded,0,
order,order_GKllQTjV8VclNk,order_refunded,pay_HRy0soSOgovxho,order_refunded,0,
order,order_pPrTBCDBpK8dFs,order_paid,pay_BjWlmkWS0nux0C,order_paid_clean,0,
order,order_1vNRByLU3I3zzd,order_paid,pay_QhF6OMqE49dWEp,order_paid_clean,0,
order,order_AuITVN5vzxihLt,order_paid,pay_vK5LzFGg2AGLXn,order_paid_clean,0,
order,order_vXTcgrPzYRCt0g,order_paid,pay_sg86L2n7iCuAvM,order_paid_clean,0,
order,order_xd0HzC7C8x1LXU,order_paid,pay_zMHI18EjjQO1lq,order_paid_clean,0,
order,order_iIuMOq5LqpQBDP,order_paid,pay_DmM1NI8YRt4AuF,order_paid_clean,0,
order,order_1KgxdhXpPK2CwK,order_paid,pay_IaQg5RSzsVEjAv,order_paid_clean,0,
order,order_OG85jh5FmblvcS,order_paid,pay_PKDnAs9lo5vWxw,order_paid_clean,0,
order,order_Vlf2Ihl5hglpxE,order_paid,pay_LjfGVOW36BakoY,order_paid_clean,0,
order,order_SuY9Gb9FyHfIMi,order_paid,pay_A9VycIpBdAKED6,order_paid_clean,0,
order,order_mVoPcsNr6CUD8B,order_paid,pay_mjML8LouLJOLvT,order_paid_clean,0,
order,order_4JdjXcdsxrgf1l,order_paid,pay_9yhGHzwpf8Bzz2,order_paid_clean,0,
order,order_5WQeCI0ytHWE67,order_paid,pay_ZaKVeoaHFM6aHO,order_paid_clean,0,
order,order_S6bxesl8fUjL1Q,order_paid,pay_lw7RtVmNJCmmXH,order_paid_clean,0,
order,order_9Q8v4pYyRXgp2K,order_paid,pay_QRnNlN856N4kfX,order_paid_clean,0,
order,order_gg42iEpMfU1ym9,order_paid,pay_9JpMbQIviFX4pE,order_paid_clean,0,
order,order_uc3Y051ZDDN89Y,order_paid,pay_Yndt2mt8JE08ZH,order_paid_clean,0,
order,order_LWVZmRrKL4Rrqo,order_paid,pay_JWsvue1jhRsJh8,order_paid_clean,0,
order,order_PhbZIapIS11wWR,order_paid,pay_LlzvxL4uxmcJgi,order_paid_clean,0,
order,order_DafszWrfhsiOte,order_paid,pay_LOogoBiOtt9WNY,order_paid_clean,0,
order,order_goiU9Iibnu05kD,order_paid,pay_n4AXNTGajjX7n4,order_paid_clean,0,
order,order_7062Y8u6ZaligO,order_paid,pay_6MTf1osUJxufbO,order_paid_clean,0,
order,order_Ldb92iJxwu1YYW,order_paid,pay_1vGo9DgKMBRdPr,order_paid_clean,0,
order,order_NdZKlITVW3ymyK,order_paid,pay_TiGQZ73tDzlHkP,order_paid_clean,0,
order,order_o1Quwa5132NBAG,order_paid,pay_JrZXOirK1Q9U4p,order_paid_clean,0,
order,order_mwjZRc1UYqLqcD,order_paid,pay_hlxHpHnH3e7Bzw,order_paid_clean,0,
order,order_lj3ekzVZleuIDC,order_paid,pay_hnfSg6njr02vri,order_paid_clean,0,
order,order_5fTV12a0g1N1mr,order_paid,pay_yOmEHeYF0Meoy5,order_paid_clean,0,
order,order_jlaYM8j1AiEmbp,exception_unpaid_order,,order_unpaid,0,no captured payment ever arrived for this order
order,order_EFVZR3E4NoHw9f,order_paid,pay_SI4uMKyYcn0qJj,order_paid_clean,0,
order,order_WfBOxAEbtxLHFY,exception_amount_mismatch,pay_hTY8v9MdcBVsgE,amount_mismatch,0,payment captured for a different amount
order,order_qK7HxdR5rW2XkO,order_paid,pay_10tFNrcTMcUorC,order_paid_clean,0,
order,order_wt4zjqoopTHDYn,order_paid,pay_8ecgV7elFB5Nc1,order_paid_clean,0,
order,order_9Ds7HzaJ1zRqj3,order_paid,pay_SJEtN5WmTtERLO,order_paid_clean,0,
order,order_AX0DfwgU3Pkcqt,order_paid,pay_ocw3fm5TZUoKI5,order_paid_clean,0,
order,order_bnx3O3sdOgcY1b,order_paid,pay_u5PBWzfHm1HwaO,order_paid_clean,0,
order,order_WR23S2OdW69qyD,order_paid,pay_li4bEAN8MmVinb,order_paid_clean,0,
order,order_VJgfTQI4FRVTgk,order_paid,pay_uqMpcUFoJlAjoV,order_paid_clean,0,
order,order_23GuTVMpD1kTVN,order_paid,pay_JOAioujMEQi48K,order_paid_clean,0,
order,order_OTj84gVc65uoXu,order_paid,pay_Q6shUpmDy9KoFk,order_paid_clean,0,
order,order_rTbpjq15KFPNXA,order_paid,pay_QOCqg63H4IkSHc,order_paid_clean,0,
order,order_7RITelkc5pF4k4,order_paid,pay_vUiRjrIIVIo36A,order_paid_clean,0,
order,order_eVVtGgitFPE1pi,order_paid,pay_AB1PmKezaLiwsd,order_paid_clean,0,
order,order_61qIWl4Vor1FPw,order_paid,pay_QPLq8OC4RmFI35,order_paid_clean,0,
order,order_t4tiKMlZGgnNZs,order_paid,pay_Dssz9mw383O09f,order_paid_clean,0,
order,order_60ilWgBJ3s8l6A,order_paid,pay_UcLgZTSXsfsoRh,order_paid_clean,0,
order,order_FjbHBBOoae80WM,order_paid,pay_Mnr4oK2Ynjdtn0,order_paid_clean,0,
order,order_qdcO0bCUqhMlgh,order_paid,pay_8DCL15tEwk2q42,order_paid_clean,0,
order,order_gEQ4FyZzOj2vXk,order_paid,pay_PrqZFyyRPaHHBy,order_paid_clean,0,
order,order_EZ1MuWMZY9Krdn,order_paid,pay_TlqkQ6xzLUCXfq,order_paid_clean,0,
order,order_NTiTwpIRmGODqR,order_paid,pay_PRxWKOsDUf1Qoy,order_paid_clean,0,
order,order_lreMUGD5X6iEoe,order_paid,pay_QiteUpIDhXNyyL,order_paid_clean,0,
order,order_MDn5cu51jDV5PT,order_paid,pay_qfbczwAD2bhCtM,order_paid_clean,0,
order,order_uxkXPMM6F2GYtB,order_paid,pay_mHTM8xwjtMtWEU,order_paid_clean,0,
order,order_UnncJbd3J03LjU,order_paid,pay_nV8rgUEMvc2QoX,order_paid_clean,0,
order,order_qWQkYbXhqWhz93,order_paid,pay_cZx5PR9yzJTesJ,order_paid_clean,0,
order,order_fxfmHeOBXYnEfQ,order_paid,pay_GyPF0GdryUS8WC,order_paid_clean,0,
order,order_3vqCdVrjYQgB3s,order_cancelled,,order_cancelled,0,
order,order_7Xfic7BtSt6uGT,order_paid,pay_aMSWcTAjaRlxbW,order_paid_clean,0,
order,order_sQ8HzALkjU5trn,order_paid,pay_wDTOpbbTivdngl,order_paid_clean,0,
order,order_yfTwjOpKn4iGmW,order_paid,pay_FfdDeppb5UFxr2,order_paid_clean,0,
order,order_LZJdpzSoC9le8B,order_paid,pay_zjKCjSltxoB9U5,order_paid_clean,0,
order,order_HU58kxeA5OA9Iz,order_paid,pay_HAbvBiYzVPaKMi,order_paid_clean,0,
order,order_8oT79fhSXtDeNV,order_paid,pay_l62jOF2LZTlQF9,order_paid_clean,0,
order,order_QeskwuTyisP6sQ,order_paid,pay_zcys6kO2cQE3lK,order_paid_clean,0,
order,order_sMil2GDoWPue4P,order_paid,pay_S7H5FQDPVKdNK1,order_paid_clean,0,
order,order_os11MWYOSwtRNc,order_paid,pay_s8FZVpyxfIRfmS,order_paid_clean,0,
order,order_dTcLrHwSIWQK34,order_paid,pay_YIqSyF0240ozbA,order_paid_clean,0,
order,order_JXSwE7pKm78CfF,order_paid,pay_zbwrqp4JO0kqzZ,order_paid_clean,0,
order,order_9iEA7hpEbOxzkg,order_paid,pay_CJpozK0Ab57BZa,order_paid_clean,0,
order,order_6ymtFAfv2SJCfy,order_paid,pay_7UvRIP64PnnGvu,order_paid_clean,0,
order,order_WkREX4CXOoblRF,order_paid,pay_3y2kjHT1C4ZjMK,order_paid_clean,0,
order,order_cc9ehxgp7y8OAA,order_paid,pay_0QVwrL7mXH0BDH,order_paid_clean,0,
order,order_GEgQPrCf0LM3Qi,order_paid,pay_fpYal02Nk2kHx7,order_paid_clean,0,
order,order_TIWj6xSbsC3OkY,order_paid,pay_vrtIwpAxxt547x,order_paid_clean,0,
order,order_yKEiD7BdQCbhoe,order_paid,pay_i4ximN49FbQ3IP,order_paid_clean,0,
order,order_dXVa1KOnVrTMrS,order_paid,pay_3iWUY15YfxpOBq,order_paid_clean,0,
order,order_RKozVNtOgp6QP2,order_paid,pay_Di60Nz47TGEj2j,order_paid_clean,0,
order,order_cIuIwll1nv10EB,order_paid,pay_rEkRUzT9csZrUq,order_paid_clean,0,
order,order_XdVUUmsa88xXKX,exception_unpaid_order,,order_unpaid,0,no captured payment ever arrived for this order
order,order_S2lAXYfy5YuRsw,order_paid,pay_pxY9YeGOVsdsOw,order_paid_clean,0,
order,order_uOeyPDvkc52Gzw,order_paid,pay_YLLbtSKdnqg3xD,order_paid_clean,0,
order,order_HGOK4PJs7s3WPt,order_paid,pay_ASiYmssSc2UFoy,order_paid_clean,0,
order,order_kBUMxiuQ9eJtz6,order_paid,pay_WvZdj7ez07nFyT,order_paid_clean,0,
order,order_uvxWIxkRffkFqt,order_paid,pay_50PwJTZBEGUck7,order_paid_clean,0,
order,order_H7cwpUpxjCOpMH,order_paid,pay_6b9141fCctrNtd,order_paid_clean,0,
order,order_qwdN5qYgPrJlPM,order_cancelled,,order_cancelled,0,
order,order_KvXjHLIQrT1mPw,order_paid,pay_KCUmslpmNSwgA0,order_paid_clean,0,
order,order_cj2k7tQBMlAoqL,order_paid,pay_Vb2cMFkbCnE1FX,order_paid_clean,0,
order,order_q15cTCcyo3LA29,order_paid,pay_FgDl9m3by0fi7t,order_paid_clean,0,
order,order_h7qUcUWRxwXABs,order_paid,pay_OCYjxIurQNp9Yb,order_paid_clean,0,
order,order_ub6jNz6PQyM3Yq,order_paid,pay_TTCEMva6imY9Af,order_paid_clean,0,
order,order_Icpu1X20bL3Gt6,exception_unpaid_order,,order_unpaid,0,no captured payment ever arrived for this order
order,order_kon0WljfrCY1jL,order_paid,pay_vQXKiWijudgksT,order_paid_clean,0,
order,order_c14pLHve44EG55,order_paid,pay_yMrrx5RNvwziY8,order_paid_clean,0,
order,order_A6QF74syXfpqt0,order_paid,pay_h6LYjAoUwSDw0k,order_paid_clean,0,
order,order_662UHC76em312j,order_paid,pay_ndzoI6dCGc5Juv,order_paid_clean,0,
order,order_Sr7SB1UDyJXtEJ,order_paid,pay_dIoXKBXbK8dPIs,order_paid_clean,0,
order,order_rvWHNo2CRq6pOI,order_paid,pay_9Oy5srnJzUO4Ph,order_paid_clean,0,
order,order_5V71Cvmr8oqVv8,order_paid,pay_a8joStmP0vTfae,order_paid_clean,0,
order,order_bNbDVI5gO0ZMD5,order_paid,pay_frlLeQOHLCHQBf,order_paid_clean,0,
order,order_L0avCq1jPGz1cG,order_paid,pay_bU7jO3pvUizM85,order_paid_clean,0,
order,order_a6efm6ETdQ8O6h,order_paid,pay_wOqvuZt2nvXKat,order_paid_clean,0,
order,order_9oH59UAAqXtsIo,order_paid,pay_XnQj2FNS2d2Rbe,order_paid_clean,0,
order,order_4Z1xjraiPL5Zuw,order_paid,pay_JWA2u2LPF3BQf0,order_paid_clean,0,
order,order_JSG1Io2MH516Hu,order_paid,pay_ZZZWI6QAkA7baU,order_paid_clean,0,
order,order_gg0vVmhDzkdR7m,order_paid,pay_WgutmPtqOaviu1,order_paid_clean,0,
order,order_LBl0ZozTSXbsGf,order_paid,pay_CKFLp0QFVwT8Kd,order_paid_clean,0,
order,order_iWv36EVuCna5Ox,order_paid,pay_zesTpgOIjNhdsI,order_paid_clean,0,
order,order_UJ9uPQU5OgcH7j,order_paid,pay_ZdDVxvuE8FBgGA,order_paid_clean,0,
order,order_5tfNWPsqdo6Kag,order_paid,pay_5w8xEXZZpElyVm,order_paid_clean,0,
order,order_uNr5DQ8HUQACM4,order_paid,pay_TL98b7zmwivXhZ,order_paid_clean,0,
order,order_tgc0Lk8Nm0dhb7,order_paid,pay_wOz57Wu7XisYyz,order_paid_clean,0,
order,order_VtaXEdKAWuuCqz,order_paid,pay_19JOrtB0PwK7TD,order_paid_clean,0,
order,order_8nQ8zULyObQbq2,order_paid,pay_WrfGINxAa6iTRn,order_paid_clean,0,
order,order_nkLj8he7uatQPU,order_paid,pay_LwvBY4Y7STa3lY,order_paid_clean,0,
order,order_6nzpEbEAyfrziv,order_paid,pay_dxKAMJHbO40KNZ,order_paid_clean,0,
order,order_07O4igqp4Nqqsa,order_paid,pay_uiH2q7CeBEBLno,order_paid_clean,0,
order,order_ezE3Hci0KlWV7T,order_paid,pay_6WCg3IknPoymmq,order_paid_clean,0,
order,order_EvtcNLjpJrSmww,order_paid,pay_nhtc4cbB3WBayn,order_paid_clean,0,
order,order_d5gzeedgGBFroP,order_paid,pay_tAKHmbpuwE5650,order_paid_clean,0,
order,order_Tdz8sV6HHchZk8,exception_unpaid_order,,order_unpaid,0,no captured payment ever arrived for this order
order,order_nSuSwxrsktZhF2,order_paid,pay_CjcSv0zZv3oHrM,order_paid_clean,0,
order,order_bu6ZoBKVVulYOx,order_paid,pay_arzrw1xSVGrJOm,order_paid_clean,0,
order,order_XF6oNUOufO9UAx,exception_unpaid_order,,order_unpaid,0,no captured payment ever arrived for this order
order,order_2h96WfVi2sQZuY,order_paid,pay_tyHelSVzoXrLTT,order_paid_clean,0,
order,order_5HZcfE3v5CiLim,order_paid,pay_Ru1z8YIdv6dTCV,order_paid_clean,0,
order,order_G7gBtYUQFrvLES,order_paid,pay_8rVhulC6LOOR4C,order_paid_clean,0,
order,order_DInFG8mGgq3TQq,order_cancelled,,order_cancelled,0,
order,order_aBKblFPzeAVrl1,order_paid,pay_CmwVkXXyBMS1aQ,order_paid_clean,0,
order,order_KngX2rJ3EuqrJH,exception_amount_mismatch,pay_x7dLglHKqcA37O,amount_mismatch,0,payment captured for a different amount
order,order_1QeKskkuHKNUgO,order_paid,pay_mfVACgX2iL6NTi,order_paid_clean,0,
order,order_pc7sWTmLJ1xAqS,order_cancelled,,order_cancelled,0,
order,order_2IgcXFxTfEwOvk,order_paid,pay_t0nbXURCwboebZ,order_paid_clean,0,
order,order_Kwos2m7TxM0OMN,order_paid,pay_WAz1lHgVmPZgiF,order_paid_clean,0,
order,order_4oAhGvqvXkduJH,order_paid,pay_nj3XnHIbbcqQ8S,order_paid_clean,0,
order,order_ylFOv9tkz9BI49,order_paid,pay_8JHd5DHm9hakMS,order_paid_clean,0,
order,order_V0z6mZ1OLXHDw5,order_paid,pay_LdWeCpu3qg7f4i,order_paid_clean,0,
order,order_6jXnzPQ5q88GVP,order_paid,pay_TWmJcVeQALMMRs,order_paid_clean,0,
order,order_bVvKUbpqozJBcG,order_paid,pay_PGfMInCjQYBTUR,order_paid_clean,0,
order,order_5ZjDSBWLwvi3V1,order_paid,pay_JqIMPPJwxeyqGC,order_paid_clean,0,
order,order_DpH7vno409w6D9,order_paid,pay_6xYfhX3Qh1tErp,order_paid_clean,0,
order,order_0KIPBCnMlMWcM2,order_refunded,pay_NBvQGx7SRI7LNL,order_refunded,0,
order,order_6IyyJMo25ovUCd,exception_unpaid_order,,order_unpaid,0,no captured payment ever arrived for this order
order,order_k87yCHPXB86PJO,order_paid,pay_iaBdZU80Qo7OrT,order_paid_clean,0,
order,order_Np2AkddRariOcx,order_paid,pay_2zSKYnzRlsqnpl,order_paid_clean,0,
order,order_i3ezjV2e1Fpn8g,order_paid,pay_1ZdX7yzXjROAJV,order_paid_clean,0,
order,order_AekcXSDn6ZBGQy,order_paid,pay_So3DxpHwr0y0O5,order_paid_clean,0,
order,order_LfsG11XCXatnn7,order_paid,pay_Z8MWLRxgUoPeYZ,order_paid_clean,0,
order,order_z75bYK2e67O9Z3,order_paid,pay_aR6R5GqQrbrQx9,order_paid_clean,0,
order,order_AIvBHXPTvFEAX6,order_paid,pay_OMB6Fe0l3bUqCa,order_paid_clean,0,
order,order_AOzO8u6m8GAwOs,order_paid,pay_lEleDLi0ofCBQC,order_paid_clean,0,
order,order_MCiEOvA2NrCWAw,order_paid,pay_U5tALWLSues84v,order_paid_clean,0,
order,order_w0wQAYaB7FKwF5,order_paid,pay_QbgGwtiDGn6EBW,order_paid_clean,0,
order,order_r0jQ09km4Qkzda,order_paid,pay_xrlaVdsn3liFJ5,order_paid_clean,0,
order,order_gUFI83guAdZlhl,order_refunded,pay_8z00N3WzAeS14E,order_refunded,0,
order,order_KDcMtkSV5KVpf1,order_paid,pay_xyQ2ClfdlxBpMb,order_paid_clean,0,
order,order_DrA9uHv0YWegJw,order_paid,pay_rJb9slhAEaq1c3,order_paid_clean,0,
order,order_hi0bHEvI2D7ZZw,order_paid,pay_DPm9lleKajStV3,order_paid_clean,0,
order,order_4gDXe03hpVpxys,order_paid,pay_x8YrXgbPUOAYi7,order_paid_clean,0,
order,order_xkbYJDlRrL1NOl,order_paid,pay_w9dYjvYCTs340V,order_paid_clean,0,
order,order_HhlKpIOywKPSku,order_paid,pay_2ZerC4xsiPgQjK,order_paid_clean,0,
order,order_Au3KX36bqJu172,order_paid,pay_VIOcgGnjzOpa0t,order_paid_clean,0,
order,order_MlzBNlfmEHVTjx,order_paid,pay_Xz3t6auLn2Zvxi,order_paid_clean,0,
order,order_GPogeFSG75GHX3,order_paid,pay_RCcn7mnNLm41S7,order_paid_clean,0,
order,order_AnSW9sMY1wruif,order_paid,pay_Jxt2dOL7qJ9nWS,order_paid_clean,0,
order,order_ku5zetewsAuIEo,order_paid,pay_IKWVSr7gjzGH5o,order_paid_clean,0,
order,order_WvECQLZE4lFbc3,order_paid,pay_rVCitPqnDMsVIz,order_paid_clean,0,
order,order_HopFe474IIhkXd,order_paid,pay_9dz554W7aZFMfA,order_paid_clean,0,
order,order_WethxaatGoNi6Z,order_paid,pay_zxrd09jKqXJvkD,order_paid_clean,0,
order,order_C9eO2YyE23nXsM,order_paid,pay_0UuW8X4NlgGVoB,order_paid_clean,0,
order,order_AIFtK1BUPe2DrY,order_paid,pay_hupAWq8py9kAI8,order_paid_clean,0,
order,order_va0QYK8Iv7X0L9,order_paid,pay_OKDkgcFuPGeFca,order_paid_clean,0,
order,order_pQH5XahAl0X45g,order_paid,pay_yoTEXsLCIYEx7U,order_paid_clean,0,
order,order_DTgX2nOhfn2PxR,exception_unpaid_order,,order_unpaid,0,no captured payment ever arrived for this order
order,order_sszHdeMEfCRORP,order_paid,pay_UuCUGoDJUAJeAx,order_paid_clean,0,
order,order_RqdbD7T0LR2kv4,order_paid,pay_FlFG6k5NKJepow,order_paid_clean,0,
order,order_wtQVe9TYYJnJ4v,order_paid,pay_UJmL0xljapCMVL,order_paid_clean,0,
order,order_idVo1aTeHUUF25,order_paid,pay_1s8LYDhbBEWXv8,order_paid_clean,0,
order,order_GH6z0PwMofDf8U,order_paid,pay_TyVmopR9i4BWQB,order_paid_clean,0,
order,order_WtNH7h7w6ZZPMs,order_paid,pay_Lab4LO86v9ROMY,order_paid_clean,0,
order,order_6uGVp4HVflslry,order_paid,pay_EIyduVFpjGfeC1,order_paid_clean,0,
order,order_qmslfes6THHkd1,order_paid,pay_dTILXnl3qNsVhc,order_paid_clean,0,
order,order_xzfrEL5ELHFplR,order_paid,pay_ldijXlIcE1ucOU,order_paid_clean,0,
order,order_nEKBDggj2eF6OL,order_refunded,pay_W8EAEeIb5Aue1p,order_refunded,0,
order,order_XnhMn1LFjzH5k7,order_paid,pay_wdlEnxuiPJCYdn,order_paid_clean,0,
order,order_2ZPOZ1OSPPnfbO,order_paid,pay_9lWVnkJIthnu2x,order_paid_clean,0,
order,order_r1p99z2FWJad9R,order_paid,pay_clm4ica0Er2Sy1,order_paid_clean,0,
order,order_lpECTK7jVdtID7,order_paid,pay_ZabtH8DIrzxi1S,order_paid_clean,0,
order,order_KCWutnoP7UuYcT,order_paid,pay_mT9KRAYJ2JhL6f,order_paid_clean,0,
order,order_UshU2ax069XxVd,order_paid,pay_60ZcjfmFyme426,order_paid_clean,0,
order,order_BGPIghlfX83b5z,order_paid,pay_SzBtIcoUJjDqe4,order_paid_clean,0,
order,order_DNtjj5AgDKlKXh,order_paid,pay_eaEBrDo6uiQIin,order_paid_clean,0,
order,order_ne9aamL2P2qyS0,exception_unpaid_order,,order_unpaid,0,no captured payment ever arrived for this order
order,order_yJe3izWGmmBuGe,order_paid,pay_7SOhWnsM4U1nY6,order_paid_clean,0,
order,order_tCFK57NCmgui2V,order_paid,pay_8FjKDnyZOcN26R,order_paid_clean,0,
order,order_yTCn3h7OQrVx4h,order_paid,pay_QWGU3yjeSduRCp,order_paid_clean,0,
order,order_XSLnk9BRa0mPlA,order_paid,pay_5guV0VMHi3X065,order_paid_clean,0,
order,order_uB4UktktzuhqNb,order_paid,pay_dLEKaLvY6Hzn3i,order_paid_clean,0,
order,order_QfogVjn3I9gwe2,order_paid,pay_IBsCy6fJuZCG86,order_paid_clean,0,
order,order_ZCaG8Os1SCZwXP,order_paid,pay_ToEJ5tjLoDb9MA,order_paid_clean,0,
order,order_axeWoq69Kffs6J,order_paid,pay_4GZqRHCt5MlfND,order_paid_clean,0,
order,order_MxuIKy0amrPCZG,order_paid,pay_5dkp6eRE507wU8,order_paid_clean,0,
order,order_NdXJfHizGXLv67,order_paid,pay_sHENSUyJS5BaLp,order_paid_clean,0,
order,order_vSB1yi8xtIVwpP,order_paid,pay_3XGoIXwBYqMDG0,order_paid_clean,0,
order,order_7lIauXsx4isxUs,order_paid,pay_kc3jjjtxk0aMtL,order_paid_clean,0,
order,order_0sejC4RpHlqQGB,order_paid,pay_sT8XpAVKsmKBic,order_paid_clean,0,
order,order_oWGLWqluiBXOyt,order_paid,pay_ykaB3DN7IljCpL,order_paid_clean,0,
order,order_Fhc8CCShsW4P5k,order_paid,pay_dEPseeFzxiGoeF,order_paid_clean,0,
order,order_aCM0Xv4rOAVZf3,order_paid,pay_4EljbWZatGCoAO,order_paid_clean,0,
order,order_kescSniIQ3tinb,order_paid,pay_aQPgtBqzN0ju01,order_paid_clean,0,
order,order_MX1pK6uYMTZc9B,order_paid,pay_bmR7JgHETINoWx,order_paid_clean,0,
order,order_xIsAS0axXqUsaT,order_paid,pay_aKOHVpPxaPr4Hj,order_paid_clean,0,
order,order_ITZ9MQgg2SE73m,order_paid,pay_bSQlLAmnhEbsnu,order_paid_clean,0,
order,order_RhO87xPrUNu03t,order_paid,pay_FX3uHQN72xAQWX,order_paid_clean,0,
order,order_kI4Bsxe4s78NkR,order_paid,pay_lD8jhEpq71XjEJ,order_paid_clean,0,
order,order_ZtYS8sUoRQdAJ2,order_paid,pay_6mdxvLTzxVG452,order_paid_clean,0,
order,order_qeY6Z7UX4kPhvo,order_paid,pay_SJPkR26kAP2kdW,order_paid_clean,0,
order,order_IOJr7SmbP9fLzs,order_paid,pay_jNRsrZjDfLswtq,order_paid_clean,0,
order,order_lMky6jpjjXD5C8,order_paid,pay_1dKMbtc5rTaDm6,order_paid_clean,0,
order,order_h3CyFiAeIpRqGT,order_paid,pay_B8ThR3vUrTEnYc,order_paid_clean,0,
order,order_zAPbVwI5HIeezP,order_paid,pay_fKPnAN38Kit1VI,order_paid_clean,0,
order,order_lAYE4T2J3mAxak,order_paid,pay_RExG1QPRXyEKio,order_paid_clean,0,
order,order_cYJ1HtqvYuQyVj,order_paid,pay_svopHudJt6Ng0O,order_paid_clean,0,
order,order_KxnEsSdiiCoSQj,order_paid,pay_l7EiLgEzgfDYmF,order_paid_clean,0,
order,order_muIspAlvJbV0iH,order_paid,pay_5UVncUCBWaAA0i,order_paid_clean,0,
order,order_ftx9zCL2cfxX4E,order_paid,pay_KghLlFNTqmCF39,order_paid_clean,0,
order,order_3gXyr3gpe1FCuk,order_paid,pay_HQbMEu4B8RDLWR,order_paid_clean,0,
order,order_IYrqDZvs9iGhYb,order_paid,pay_FTNof2AkogcOoL,order_paid_clean,0,
order,order_46pTgaHt2IPkfZ,order_paid,pay_QHDRtI0oMlbSvd,order_paid_clean,0,
order,order_3YnvEOujVooHae,order_paid,pay_1KqqI3IcbMjeGi,order_paid_clean,0,
order,order_9okrxwlmhfZdQj,order_paid,pay_N9FCcFxAFagUJD,order_paid_clean,0,
order,order_iqOdvFianEKDew,order_paid,pay_TLlTIoDFiqJdVH,order_paid_clean,0,
order,order_ILIRE94gFkCzSh,order_paid,pay_EKEO7M03V77PRq,order_paid_clean,0,
order,order_oaehqsGpgUxnXM,order_cancelled,,order_cancelled,0,
order,order_jqdrMwpfZHAtSW,order_paid,pay_fI0hBIsFLaXxVo,order_paid_clean,0,
order,order_VSczngADvqttXN,order_paid,pay_N5q7HymaT8hSjV,order_paid_clean,0,
order,order_fk7yVLy0DiiBwP,order_paid,pay_tJ17QT7dOj0Js2,order_paid_clean,0,
order,order_CFYLQ2AX3nCA0B,order_paid,pay_VCOiSp0snd0gvI,order_paid_clean,0,
order,order_kceLlLxZYy5fSJ,order_paid,pay_9rHpHMOllGw9bI,order_paid_clean,0,
order,order_3jHwgSwDEC2GGx,order_paid,pay_OY72STAa4W57Sz,order_paid_clean,0,
order,order_gSp1dxpWP7XYc6,order_paid,pay_DKuBXAM7jQvdHQ,order_paid_clean,0,
order,order_mJypj6RNm7BXfe,order_paid,pay_6zUUA7W8oIEhaX,order_paid_clean,0,
order,order_bFIb2ZN1CLyX8G,order_paid,pay_VmepvNjwoxclaR,order_paid_clean,0,
order,order_TLCopSdGe340iM,order_paid,pay_43QO2S4u0nMrma,order_paid_clean,0,
order,order_7gyPbHi0Qdr38L,order_paid,pay_ZC70KmMreHpKiQ,order_paid_clean,0,
order,order_0I1DsvFiDe8JRR,order_paid,pay_q4IA5XAITpqfQr,order_paid_clean,0,
order,order_9037u0IgWD8nAj,order_paid,pay_tTSrb7gu9SH9Je,order_paid_clean,0,
order,order_E2ukfMn21ulMYF,order_paid,pay_kvkPnEaL1R14Ev,order_paid_clean,0,
order,order_CIgVRxwLj9wu4J,exception_unpaid_order,,order_unpaid,0,no captured payment ever arrived for this order
order,order_ndPKt6XvUljYfV,order_paid,pay_EmReB1OOMdHdmR,order_paid_clean,0,
order,order_hBYcrXW3gVq8yC,order_paid,pay_DCISd4RFTQTSPc,order_paid_clean,0,
order,order_7j4D4SF8RklozB,order_paid,pay_TzE7QYgr1tSX1v,order_paid_clean,0,
order,order_kwZVtFnNxPTyms,order_paid,pay_sjGL6wV2WcR0Jk,order_paid_clean,0,
order,order_BKfMmzCGOC7ckh,order_paid,pay_xxNUaCcuAwlxBn,order_paid_clean,0,
order,order_U8vCxes7T2BzhI,order_paid,pay_kk2VAMmeVmsPAF,order_paid_clean,0,
order,order_8ybfPAaghnE170,order_paid,pay_Ml4YjhWf3osFoF,order_paid_clean,0,
order,order_gyMVg6kd2hbX4d,order_paid,pay_qzrARvU71SNmfp,order_paid_clean,0,
order,order_JHJEH4arlXCIvf,order_paid,pay_771HcM0d2H4pmp,order_paid_clean,0,
order,order_KE2j2ZepZXgnQa,order_paid,pay_CsA0VQ3XgYwM2c,order_paid_clean,0,
order,order_abt2eR5tq1T4xP,order_cancelled,,order_cancelled,0,
order,order_VMdYL0yKqsO5aE,order_paid,pay_nHpR03WVvlLmCu,order_paid_clean,0,
order,order_MEwFVAnqtPok23,order_paid,pay_NiUQ5t4KNjnCzp,order_paid_clean,0,
order,order_CQPzmbsJsAngTp,order_paid,pay_Ncbhitq3CCuZ0G,order_paid_clean,0,
order,order_sEj8PxokU0asBM,order_paid,pay_Rj3iKkSfbWU7Uw,order_paid_clean,0,
order,order_nzGlCdc8geSKvc,order_paid,pay_AIyzcg0KNKGXyh,order_paid_clean,0,
order,order_4DPBBMPuBw0qVE,order_paid,pay_zacMNwNj1xX1D1,order_paid_clean,0,
order,order_Q73PQbcTMEIfI6,order_paid,pay_JYF8n2hTIOdA2K,order_paid_clean,0,
order,order_0vXdjgC7vUvx82,order_paid,pay_hDu13lmgba7Q8D,order_paid_clean,0,
order,order_B5AbQsPLykrAJs,order_paid,pay_hTEVaGzBj3jP6Z,order_paid_clean,0,
order,order_yDCLv1ubyVWOxD,order_paid,pay_yQWH13Z9vF9E0t,order_paid_clean,0,
order,order_LNRYFMgyPIYapc,order_paid,pay_xr2ob72L0AbQ5V,order_paid_clean,0,
order,order_pCCrMEAOJNdQV6,order_paid,pay_sPFDAk8zBXc6Cf,order_paid_clean,0,
order,order_RJqM53Pcx5Z5IM,order_paid,pay_LocPl9zdgLi6mt,order_paid_clean,0,
order,order_OpCuUv0IDyJwHI,order_paid,pay_zCtVqCgrwiTpFD,order_paid_clean,0,
order,order_pTvlbcfPZKbB72,exception_unpaid_order,,order_unpaid,0,no captured payment ever arrived for this order
order,order_aFaeJYm7gs65Q7,order_paid,pay_AXkWZKxWq3kKPV,order_paid_clean,0,
order,order_cLp9WAtgyz5J98,order_paid,pay_AgSEtc7o5G5wIf,order_paid_clean,0,
order,order_KyqOankcJbnQ3g,order_paid,pay_dvQUcLTDPCWmSQ,order_paid_clean,0,
order,order_afmhDQD2kxuDWd,order_paid,pay_WGq28qQo0mXtPd,order_paid_clean,0,
order,order_72G82kp6iyvreR,order_paid,pay_Wg3OnQ0ctiGUUp,order_paid_clean,0,
order,order_omucIVB3UpaKdN,order_paid,pay_N6kQAxFerez4tb,order_paid_clean,0,
order,order_AkFuuwAy6kulvE,order_paid,pay_14k9O7RoYpk7qE,order_paid_clean,0,
order,order_WEOs3gxI2oH9NZ,order_cancelled,,order_cancelled,0,
order,order_iIVYUWEJpEWZiX,order_refunded,pay_yemmCpwnbyAk6g,order_refunded,0,
order,order_qnFAlQ8piP3wPN,order_paid,pay_ytoCr3Il1XcMC5,order_paid_clean,0,
order,order_uJAA65DluMUmIM,order_paid,pay_fOf0VhR07URGOA,order_paid_clean,0,
order,order_8UMBvtpBRYKyP0,order_paid,pay_dAuUoDpfc9VuNR,order_paid_clean,0,
order,order_w7otS4wzIj6KJK,order_paid,pay_tZLnUIFyNRWcJe,order_paid_clean,0,
order,order_FD3zAuVdmikXyf,order_paid,pay_U6Y9yJyMBrwtm3,order_paid_clean,0,
order,order_G0JBtJTgOAs7cD,order_paid,pay_Iz2GBipBJ2xYbi,order_paid_clean,0,
order,order_YX0b1ABWnXnSvp,order_paid,pay_RIoc2iffB3TXYa,order_paid_clean,0,
order,order_6VZIaM7J8WbwrJ,order_paid,pay_swDC51ALsjnMeY,order_paid_clean,0,
order,order_W90EH9AVIDpBMv,order_paid,pay_5UcEACsUGlVIwG,order_paid_clean,0,
order,order_MJhcBs4McZhGuD,order_paid,pay_9Gni7md4nvPZhh,order_paid_clean,0,
order,order_ikGY2u0tYzjbp5,order_cancelled,,order_cancelled,0,
order,order_IaYpQKhbSzl5xv,order_paid,pay_QhI0joDYrfvT4n,order_paid_clean,0,
order,order_kjTkeOeIUWtwaI,order_paid,pay_pOiOwgDMzmKlD8,order_paid_clean,0,
order,order_NP0ZZBPkgYBR6S,exception_unpaid_order,,order_unpaid,0,no captured payment ever arrived for this order
order,order_KBelv7I0F6NTaV,order_paid,pay_m94Iq2DuFN6vBZ,order_paid_clean,0,
order,order_F4V0TuvC5b0tcs,order_paid,pay_FnSIlnXgF45LqI,order_paid_clean,0,
order,order_1oIaRVxnbfOv4T,order_paid,pay_btk1jZ3avDK1cL,order_paid_clean,0,
order,order_gqImtad8qok5oR,exception_amount_mismatch,pay_ZFikViJNcPC5PH,amount_mismatch,0,payment captured for a different amount
order,order_bluAiRbjrcq17N,order_paid,pay_PSIf6hcb3gYCzv,order_paid_clean,0,
order,order_SuZJijff2RvLcM,order_paid,pay_mQ8LCa8y0wSOO4,order_paid_clean,0,
order,order_UmK0LpTjm7Dxiz,order_paid,pay_PgGp4Az3OcfqM4,order_paid_clean,0,
order,order_InZPHIss0gvdC8,order_paid,pay_kcEFD8OcFQNwQr,order_paid_clean,0,
order,order_TVc7mTRdI4xeP7,order_paid,pay_Grpx0pXlcAbLc7,order_paid_clean,0,
order,order_pfX42iXwn2oZW6,order_paid,pay_4fKyP9nYv2lrU2,order_paid_clean,0,
order,order_zcMSA5w9OjLSoF,order_paid,pay_HBGC0jhJPN3mN9,order_paid_clean,0,
order,order_n9dHSmihmbR8I0,order_paid,pay_fWUKhhNYNzFIcU,order_paid_clean,0,
order,order_fTdBOOaZmH6s1S,order_paid,pay_iWXVGNFK4IqE4W,order_paid_clean,0,
order,order_QqgtsLmRMUMtxL,order_paid,pay_wLAGIjg6BKSRzk,order_paid_clean,0,
order,order_uyvjliNjFsX63c,order_paid,pay_t0APy2PKUybKZW,order_paid_clean,0,
order,order_y58axqbVfhx0VY,order_paid,pay_CcMxe5THX9g8ST,order_paid_clean,0,
order,order_UQ6GsGqkXEjFga,order_paid,pay_TzNn3XbZn6qyg8,order_paid_clean,0,
order,order_ZFuinw9nRrBwHc,order_paid,pay_m9mt2GTVZMKjTI,order_paid_clean,0,
order,order_qnI3PwqXAYpq7x,order_paid,pay_RRQjZAOhKKN3gG,order_paid_clean,0,
order,order_ZYdmjWgDFjJiXk,order_paid,pay_B3xSmWLE6Glw96,order_paid_clean,0,
order,order_iRllGWVgkCtOFJ,order_paid,pay_QPk63NH0ypcJEz,order_paid_clean,0,
order,order_YUQv29vYOEUM9T,order_refunded,pay_kZRchOGOAechV9,order_refunded,0,
order,order_PDjemMJz0apAKK,order_paid,pay_jVKPyWb8DJOMkN,order_paid_clean,0,
order,order_F7nMwMVjLSasTW,order_paid,pay_lBDdZ5ptisxx2y,order_paid_clean,0,
order,order_BNwDyDzH0HnU7g,order_paid,pay_zGgADP7TTiPTFd,order_paid_clean,0,
order,order_3ZaFSRbMwhzMd0,order_paid,pay_pgElVVyGizg2kC,order_paid_clean,0,
order,order_WEPxJYasXr3XjI,order_paid,pay_2v0mMdUzC843rC,order_paid_clean,0,
order,order_kZYgqxx240j67p,order_paid,pay_UwvlqxMr0RDIbr,order_paid_clean,0,
order,order_7fzH6rmXnBEyl8,order_paid,pay_dnsvVJ8hLOVTS9,order_paid_clean,0,
order,order_YRVxFmIPpLQJAh,order_paid,pay_kO15vWHMFvTjlk,order_paid_clean,0,
order,order_N9oSSHU6TEfS5x,order_paid,pay_Eji6O2UTSQlkxC,order_paid_clean,0,
order,order_ArDbYXv3d5WwZ2,order_paid,pay_CehznnlaKaNRpO,order_paid_clean,0,
order,order_L2uM59LiZ4n5m2,order_paid,pay_d6OHOMLXe5ujRO,order_paid_clean,0,
order,order_4xZqQiaB8oS75t,order_paid,pay_S90RWqcNgJHxIk,order_paid_clean,0,
order,order_0VdHc6uyvo3mCf,order_paid,pay_rJN68I4FWYIl7Y,order_paid_clean,0,
order,order_3Cti7bavDr2uEz,exception_amount_mismatch,pay_CpQ9JMGYiWXXm9,amount_mismatch,0,payment captured for a different amount
order,order_klCBqTYB510M5A,order_paid,pay_WBn2ykMRObbjDZ,order_paid_clean,0,
order,order_b9jwmlbWvhlouA,order_paid,pay_VwlJUJYR6Q3uBM,order_paid_clean,0,
order,order_moi7FxoHBHH6ue,order_paid,pay_RiPskhAhpko0e0,order_paid_clean,0,
order,order_BANAXfGYu6cm30,order_paid,pay_jrCfgrXPFi0saZ,order_paid_clean,0,
order,order_OXaNKJwApGtN3l,exception_amount_mismatch,pay_qcP447X6OAktcP,amount_mismatch,0,payment captured for a different amount
order,order_EI8YOjSBF6PpuG,order_paid,pay_5G9nEHGPNUiTZP,order_paid_clean,0,
order,order_UhSP1vfhgAOWnT,order_paid,pay_HjPPofYwdrpJ65,order_paid_clean,0,
order,order_hXd60GSjPT4BfV,order_paid,pay_Q2krLDulubqTkW,order_paid_clean,0,
order,order_wuzZbzPHM5VCP7,order_paid,pay_2ErTvJurzlR0uw,order_paid_clean,0,
order,order_0vdzTB4aTeaoPw,exception_unpaid_order,,order_unpaid,0,no captured payment ever arrived for this order
order,order_cbXUFoxpZ3BB9b,order_paid,pay_sZ4OE4lfRYFYrb,order_paid_clean,0,
order,order_1Ek20sRulqIMp8,order_paid,pay_ql5MTqSGEKAhOI,order_paid_clean,0,
order,order_7FH808UC4A6hTj,order_paid,pay_QLDsJIpqZI6LMx,order_paid_clean,0,
order,order_mGNdllxIejxMiQ,order_paid,pay_qgIuvycyT597rA,order_paid_clean,0,
order,order_aDercerQ5tx9RD,order_cancelled,,order_cancelled,0,
order,order_HLq8lCu0AiqE46,order_paid,pay_nOZUReGAPt6Jsd,order_paid_clean,0,
order,order_wxEPQ75eJV9Vc4,order_paid,pay_iV14Yb41Lz8eM1,order_paid_clean,0,
order,order_mLRP5F6mHit2QT,order_paid,pay_JwLGsA0BRMx50c,order_paid_clean,0,
order,order_uYVL7joObiNszI,order_paid,pay_bsTH6gAdwXG3bl,order_paid_clean,0,
order,order_kywvtpHvVCi6Jd,order_paid,pay_iFk0q4ijADC3fO,order_paid_clean,0,
order,order_XiR7R3HZa7OuDP,order_paid,pay_JJqkJEL9CvNf6S,order_paid_clean,0,
order,order_3MudktNw539F79,order_paid,pay_670TtMTikYB2Wq,order_paid_clean,0,
order,order_TXK8ESc4UK9Jg6,order_paid,pay_y0kNaonIbBgcQ4,order_paid_clean,0,
order,order_zrFARiCgwDpt6L,order_paid,pay_NqtpcdRTMUIfqM,order_paid_clean,0,
order,order_3vr6hHi4LBDkaK,order_paid,pay_vYMklgpnncpFzj,order_paid_clean,0,
order,order_o1SjIM2yBI9MZ7,order_paid,pay_zBPVSjU1xN6379,order_paid_clean,0,
order,order_VFCbcsUl6q65Se,order_cancelled,,order_cancelled,0,
order,order_61hMuvbmWmWYCK,order_paid,pay_9iskkiYyXFfU7G,order_paid_clean,0,
order,order_VDBn9WdwcyVrDr,order_paid,pay_NGAR1Y35lBllUO,order_paid_clean,0,
order,order_LNcctbz21ZvhnI,order_paid,pay_6lepsqiiiPx4ia,order_paid_clean,0,
order,order_o3HjbLOTKOsyao,order_paid,pay_hufiDK19epWoB3,order_paid_clean,0,
order,order_kDu5iyDNi3yWr2,order_paid,pay_8cGfyF0rCAqkJx,order_paid_clean,0,
order,order_Zt8m8hwewjOcmh,exception_unpaid_order,,order_unpaid,0,no captured payment ever arrived for this order
order,order_dTuX7x4kjWrCKB,order_paid,pay_PiLFlu2inoEbJV,order_paid_clean,0,
order,order_ICge3S5VLVT00a,order_paid,pay_9QcELD3pmApNxJ,order_paid_clean,0,
order,order_JWF1joZWL0kbBz,order_paid,pay_eGd82ccUHF6Qtc,order_paid_clean,0,
order,order_SJcsGKI1JNLyel,order_paid,pay_QXORNigCGOmFTY,order_paid_clean,0,
order,order_X0YRRCWVirYZmT,order_paid,pay_Fr7BpEgGgWg4fU,order_paid_clean,0,
order,order_kfHaki5taX4eVs,order_paid,pay_gMUO0Ij9T91k5m,order_paid_clean,0,
order,order_HFPfyNcwsPyz1l,order_paid,pay_VTXCpKwV0cWy4c,order_paid_clean,0,
order,order_cohsmkzO9wBRPn,order_paid,pay_1Tot7NhN8zuYZ0,order_paid_clean,0,
order,order_EpIiIrVKU7Xz8I,order_paid,pay_OoNZYGoIp6DnE8,order_paid_clean,0,
order,order_tyQkwWuUfo3NJ9,order_paid,pay_yYcGRpe89FrrnX,order_paid_clean,0,
order,order_GW9eImoFX73QMO,order_paid,pay_ATcHCO9dlVlB5A,order_paid_clean,0,
order,order_wetNdH2ubhAAPI,order_paid,pay_Jv8KLuhndrUiVW,order_paid_clean,0,
order,order_5oQSk3wHQJCoxL,order_paid,pay_n7tRtBlV5nB4rg,order_paid_clean,0,
order,order_DbASrwLljbXi6W,order_paid,pay_KMZNIEt2aDTLji,order_paid_clean,0,
order,order_mxJ08BDqVsjCvL,order_paid,pay_eQUMEOgd4mnULU,order_paid_clean,0,
order,order_fgl3zI8VmO3Qpj,order_paid,pay_7UQIT4KCDAQKN7,order_paid_clean,0,
order,order_GuUZjRblBmOMrj,order_paid,pay_EUUOf9bISKJTVj,order_paid_clean,0,
order,order_BSYzMvRJ81ephE,order_paid,pay_i4XAHXyrHeKDk7,order_paid_clean,0,
order,order_KIRH9BEcEGjdx2,order_paid,pay_J39wZEAF3M4Ll7,order_paid_clean,0,
order,order_0f1Azq9e8rCFNw,order_paid,pay_eNP4hr2PsTMwLh,order_paid_clean,0,
order,order_1v6uEvPm45pfyJ,order_paid,pay_qyja2qRlhK8fMx,order_paid_clean,0,
order,order_HCeSfVEcpRmIcK,order_paid,pay_TJ4txrJTiwn2hw,order_paid_clean,0,
order,order_Bj2Er2dLQOwCp0,order_paid,pay_7OhcNOPzhij2nY,order_paid_clean,0,
order,order_9CRTR1TVii3SzM,order_paid,pay_kNVPfUZ91VEDTI,order_paid_clean,0,
order,order_5CmWEBoTaA15dS,exception_unpaid_order,,order_unpaid,0,no captured payment ever arrived for this order
order,order_Kf49U0IAzX1Re2,order_paid,pay_i837wjBVFtYSLT,order_paid_clean,0,
order,order_WpEE0sT2cjNJAb,order_paid,pay_0YGWB9QbGCOLgk,order_paid_clean,0,
order,order_rJlyWOKSzLlfN3,order_paid,pay_SIz8g6QnRN4H3h,order_paid_clean,0,
order,order_w6DkVRwNksO3BS,exception_amount_mismatch,pay_7sov1t0etATSFK,amount_mismatch,0,payment captured for a different amount
order,order_7hBMUwBc51ymfm,order_paid,pay_Rg9p7E1MvUdmny,order_paid_clean,0,
order,order_VXtfdQbmmj4msh,order_paid,pay_5MJJa2yvsoJFw1,order_paid_clean,0,
order,order_uIPqr35AcjS5if,order_paid,pay_AHmyQmU3Q7X2qx,order_paid_clean,0,
order,order_Thpyoedww5nxoM,order_paid,pay_qKFjew0jzJLq0U,order_paid_clean,0,
order,order_nUC3AsRscMqiRd,order_paid,pay_Toh4us6Qu7qBwl,order_paid_clean,0,
order,order_2qnX94N4GGPmSI,order_paid,pay_R9dL7uesFdmGFb,order_paid_clean,0,
order,order_WeyOECVf8D8Ubl,exception_unpaid_order,,order_unpaid,0,no captured payment ever arrived for this order
order,order_dxvwURpTITCCrG,order_paid,pay_llo1LYcOnJ2jDM,order_paid_clean,0,
order,order_ZsuU5TWqIPWLpB,order_paid,pay_d9sec3hz51b12O,order_paid_clean,0,
order,order_V5IUaoQoUtiLNM,order_paid,pay_aCctXNEkdmTDde,order_paid_clean,0,
order,order_8nmZGamzy3NQuo,order_paid,pay_HlSKOTYBXB1FeW,order_paid_clean,0,
order,order_HyjWxGqz2LbFdP,exception_unpaid_order,,order_unpaid,0,no captured payment ever arrived for this order
order,order_011yDDw5aCaMyI,order_paid,pay_EKVS9jxq3g6Hez,order_paid_clean,0,
order,order_XTSkCumBNvnBF3,order_paid,pay_XU8uRl9621rtS2,order_paid_clean,0,
payment,pay_qZQ0yBy0kbflb2,payment_applied,order_VLHJoU3oRH95id,order_paid_clean,0,
payment,pay_CcPzIAxohWJnxu,payment_applied,order_DGvYY9czelR3v4,duplicate_payment,0,
payment,pay_UAgw4SmdIasy9s,exception_duplicate_payment,order_DGvYY9czelR3v4,duplicate_payment,0,second capture against an already-paid order
payment,pay_GlMktKORPeFOy5,payment_refunded,order_fmTxuIjNw6yGAL,order_refunded,0,
payment,pay_PA9Vn6HsDIJd0w,payment_applied,order_yudhUielLWMS5G,order_paid_clean,0,
payment,pay_xM39IMrWsrshGN,payment_applied,order_CDFqKwjB3TgFVb,order_paid_clean,0,
payment,pay_kFKWjBJHHr6YwP,payment_applied,order_joTgn77LiCC5zZ,order_paid_clean,0,
payment,pay_m1fb28Yhnim6sZ,payment_applied,order_jhS5EhqFCukZUA,order_paid_clean,0,
payment,pay_ii0TMNE4emdKz8,payment_applied,order_YsgpAQJis3OIfk,order_paid_clean,0,
payment,pay_0DKPj7VerghwxF,payment_applied,order_PgA8VV7LUsQ6zT,order_paid_clean,0,
payment,pay_kHN8KdrFCSFxTB,payment_applied,order_Wav3Vt2I5eFCMr,order_paid_clean,0,
payment,pay_pv6X6ncgahZznq,payment_applied,order_l3CpGxzj7FULn5,order_paid_clean,0,
payment,pay_noCCCTOtTgCkJq,payment_applied,order_shFKyPIkxAk9jq,order_paid_clean,0,
payment,pay_eFcZWAQIKePZ6k,payment_refunded,order_9xkwBCw2rZn0lo,order_refunded,0,
payment,pay_ZHBbdnu8uxQSIG,payment_applied,order_U1z5U4Uy4MCVn3,order_paid_clean,0,
payment,pay_r5Ts1FiCREFKnc,payment_applied,order_xKHEHcBsQw4oKR,order_paid_clean,0,
payment,pay_fizqc4q9ebYIU8,payment_applied,order_atKGC0Y24MNyTM,order_paid_clean,0,
payment,pay_tP6147AMCOVVv9,payment_applied,order_5jCbLQJzWtpU8R,order_paid_clean,0,
payment,pay_9y3lwH1raAWllJ,payment_applied,order_sR1L6EBDXGsRMj,order_paid_clean,0,
payment,pay_ABeyrWDob2YFST,payment_applied,order_jTdo5tOKx6yKZt,order_paid_clean,0,
payment,pay_582Lk2Rvu2H2lH,payment_applied,order_g4OoePVBdyLwrZ,order_paid_clean,0,
payment,pay_JCeVQrwDtIEr9o,payment_applied,order_9QcCknoeJ4XaRK,order_paid_clean,0,
payment,pay_VRNAsj260PGEDH,payment_applied,order_qf9uWBwAaKYlAF,order_paid_clean,0,
payment,pay_XDA9B3D2UDjqb7,payment_failed,order_qf9uWBwAaKYlAF,failed_then_captured,0,failed attempt; a later capture succeeded
payment,pay_WXVPku13g4W0jN,payment_applied,order_76DfCURyMTyso7,order_paid_clean,0,
payment,pay_HvD45a0yy1CoRw,payment_applied,order_Sw16fdmNhdyJKG,order_paid_clean,0,
payment,pay_0rmbHeiOyZLdN8,payment_applied,order_IMTn1lQfObkzLT,order_paid_clean,0,
payment,pay_PQ2g8XXpj4kEbZ,payment_applied,order_8xM0mFn52mtNQu,order_paid_clean,0,
payment,pay_YnISeEXEB3LI02,payment_applied,order_Gjasy2BmoGlnZQ,order_paid_clean,0,
payment,pay_E83BsRhcwBO61z,payment_applied,order_VjhFVKW2XcIpNE,order_paid_clean,0,
payment,pay_eqKT2GC0VusmcP,payment_applied,order_YMdcLPQd7SYDnB,order_paid_clean,0,
payment,pay_8caOHWziVBeIo5,payment_applied,order_0Di0fFdruiYdL3,order_paid_clean,0,
payment,pay_aE8S28qtFbex4s,payment_applied,order_NoFOcGrZhoFMUH,order_paid_clean,0,
payment,pay_iXpRxdaFkD5yS7,payment_applied,order_MfAAxQElClobHH,order_paid_clean,0,
payment,pay_Ieezs2VxnfYRRC,payment_applied,order_wtdqerM36iphqK,order_paid_clean,0,
payment,pay_orJQ7BOmtJHE6o,payment_failed,order_wtdqerM36iphqK,failed_then_captured,0,failed attempt; a later capture succeeded
payment,pay_W85BB2ao9Q5yNm,payment_applied,order_HIfdBEjyN0BSUS,order_paid_clean,0,
payment,pay_kDEtoIqe0wNopy,payment_applied,order_ii6FVyy84WWUpQ,order_paid_clean,0,
payment,pay_9opyHC6C69ljkv,payment_applied,order_etqskkhfCpG1NV,order_paid_clean,0,
payment,pay_FXek9beDwfauSb,payment_applied,order_ZJBWK55yhSapRw,order_paid_clean,0,
payment,pay_Bj7LtvLA5uh321,payment_applied,order_GUgbNe371XYEpt,order_paid_clean,0,
payment,pay_7SNGKWrxtzjlHT,payment_applied,order_qjcFzUvfEwqq0o,order_paid_clean,0,
payment,pay_76iqStRW01pNFg,payment_applied,order_yzekwYUmubPpxj,order_paid_clean,0,
payment,pay_xiOCOoDpWYRGYH,payment_applied,order_7kfZGIxoVGTwtx,order_paid_clean,0,
payment,pay_JcKPYOPSCoriMh,payment_applied,order_kDBPNhbxlAUOeJ,order_paid_clean,0,
payment,pay_zDLN4XbeLVUD2G,payment_applied,order_6YIwl3ibGR7JlH,order_paid_clean,0,
payment,pay_Asf5wPj7fgRNwU,payment_applied,order_OBZ00L1iu8Tezl,order_paid_clean,0,
payment,pay_t7h2aKlh7EiERo,payment_applied,order_IJIILz2Fq1UUyk,order_paid_clean,0,
payment,pay_JDM5ExiCHTwKqI,payment_applied,order_MnVvdqol8ri2pb,order_paid_clean,0,
payment,pay_9jKtVvvEYDmmvu,payment_applied,order_SH19lu8GarpWnw,order_paid_clean,0,
payment,pay_paoBxR6gA05tl9,payment_applied,order_ZRr7D2QYYKoUAd,order_paid_clean,0,
payment,pay_aGGUUTkPCyVgPt,payment_applied,order_R0rjd3htIfsKW0,order_paid_clean,0,
payment,pay_Fuush4xWphbCRk,payment_applied,order_f4pRpQwhEv4KDx,order_paid_clean,0,
payment,pay_wcqj2i3khqWD5u,payment_applied,order_kYIW9eQOwn6ori,order_paid_clean,0,
payment,pay_5TLcJzAVkVwH3a,payment_applied,order_XrAlcSX5Bo9OnY,order_paid_clean,0,
payment,pay_jB2XAKo5cvoRWh,exception_amount_mismatch,order_CXmoNBXvKwMgLp,amount_mismatch,0,captured amount differs from order amount
payment,pay_pgthKC6GgawruP,payment_applied,order_vbVOLwBZnEcUGL,order_paid_clean,0,
payment,pay_c3uXF1B36USduj,payment_applied,order_BkfO7YtKA66Rm4,order_paid_clean,0,
payment,pay_KfApslbkQZ8K5E,payment_applied,order_dVBRIZSBtAohFY,order_paid_clean,0,
payment,pay_CHHKtNCw2TG8Ve,payment_applied,order_9H7FMRcNqLdSNW,order_paid_clean,0,
payment,pay_yix2lobi4uHiCT,payment_applied,order_3AtqkJBqDGfUro,order_paid_clean,0,
payment,pay_7RFeHtNmkIJM4b,payment_applied,order_1nFgKVvRfSC3Ac,order_paid_clean,0,
payment,pay_KmNpctUWX4m6ut,payment_applied,order_eluDEzshwgPGHa,order_paid_clean,0,
payment,pay_woc10fgfpT7Nkf,payment_applied,order_Xk3xXrimRDKnAX,order_paid_clean,0,
payment,pay_SuXVMPG7lE3XpG,payment_applied,order_MH4v6wt8jTzRWU,order_paid_clean,0,
payment,pay_nXC4tmEttRLO2H,payment_applied,order_b8u11RK60Fweq0,order_paid_clean,0,
payment,pay_Hu0glDY0pRyEn0,payment_applied,order_Q5qpIGVvm8xALp,order_paid_clean,0,
payment,pay_P1bg3zxwFK7Gpv,payment_applied,order_VNs8y4f9efMeTD,order_paid_clean,0,
payment,pay_LxMj9Vzpds450r,payment_applied,order_MPJBIUUMqt8S1X,order_paid_clean,0,
payment,pay_TurD9gwnZHeDQx,payment_applied,order_iniLBRMYGiAWY0,order_paid_clean,0,
payment,pay_KIMU5DOsZaAGDM,payment_applied,order_HgKSUreAdqqGmc,order_paid_clean,0,
payment,pay_Yj9nySVnt2T48N,payment_applied,order_pYRT6I7EJUsxTG,order_paid_clean,0,
payment,pay_PTSb8EsIBZ1x6x,payment_applied,order_SNa6S9qa6jH1N7,order_paid_clean,0,
payment,pay_Dt4lpCIo3VJ4y9,payment_applied,order_YAyUswMtEbg3XT,order_paid_clean,0,
payment,pay_dRUP6hD85ALEBz,payment_applied,order_Kx6FaV4eym8FAw,order_paid_clean,0,
payment,pay_bCmiaDLQU8uylv,payment_applied,order_OQvMjcrmSKSWLI,order_paid_clean,0,
payment,pay_gqB5xsKImEim55,payment_applied,order_8bDhidA0KIOq93,order_paid_clean,0,
payment,pay_up1n9UXRlswNca,payment_applied,order_Sx70Tz6D0b9SgX,order_paid_clean,0,
payment,pay_rHhV2PZhEpg2op,payment_failed,order_Sx70Tz6D0b9SgX,failed_then_captured,0,failed attempt; a later capture succeeded
payment,pay_t3immUWIplB2Sy,payment_applied,order_OUIIRLueB5XB1m,order_paid_clean,0,
payment,pay_36mC2w3tKHJNnD,payment_applied,order_aiwBkplzmrSeDL,order_paid_clean,0,
payment,pay_DreOHf46jEGW3C,payment_applied,order_njw2cYTMjEcVAa,order_paid_clean,0,
payment,pay_wfx8WCZosnTw8N,payment_applied,order_9BgZkuRlMbjz5Z,order_paid_clean,0,
payment,pay_2oKQKVooNEyylB,payment_applied,order_TfkIcQGmoUgLXB,order_paid_clean,0,
payment,pay_Q6o7fc8MfEw15K,payment_applied,order_eOxYPDpuhEcfY0,order_paid_clean,0,
payment,pay_oTyjAfaWst6vnS,payment_applied,order_kDGAzjwA8UzLYa,order_paid_clean,0,
payment,pay_JtriX03IVxOlPd,payment_applied,order_yh9u7rKC4f2Y1Z,order_paid_clean,0,
payment,pay_F7FYoth7LpGPre,payment_applied,order_p7wvPp1Oc1YvsG,order_paid_clean,0,
payment,pay_9IB68rf7byXmsU,payment_applied,order_FTXRGbqc49nF5S,order_paid_clean,0,
payment,pay_DnBCiJQbjr5shf,payment_applied,order_T4QlRgvcwa6cUX,order_paid_clean,0,
payment,pay_z5u0TLUyv0Ap6x,payment_applied,order_sPMNpUt9NuBmtU,order_paid_clean,0,
payment,pay_tmlxcBmgQQqfW4,payment_applied,order_W8Tt5nS5VrbURr,order_paid_clean,0,
payment,pay_qD8yGERRSRWnMi,payment_applied,order_3divrgUsuVBNVe,order_paid_clean,0,
payment,pay_VJYxk5akxbmEA0,payment_applied,order_43kIVdzfeYRjok,order_paid_clean,0,
payment,pay_wDgfKIGaVx7HMl,payment_applied,order_Kiezl6fNVqL2fa,order_paid_clean,0,
payment,pay_PuqqlNuNxK4okS,payment_applied,order_qYvfLXdNNcZ4CM,order_paid_clean,0,
payment,pay_Sv32B6wKF9yH6w,payment_applied,order_RBFlUdekOesE2m,order_paid_clean,0,
payment,pay_SuBq8wqBW9jeq2,payment_applied,order_ZHm20j2gSB7nl9,order_paid_clean,0,
payment,pay_UO7KzHqH2ahEgB,payment_applied,order_8RH7n6A8RseeAF,order_paid_clean,0,
payment,pay_hyJVHhL7UpFcqI,payment_applied,order_uAshUBAsBIEL14,order_paid_clean,0,
payment,pay_zdl6TGGPBoWqMs,payment_applied,order_kMzKNcg1tI6Zy2,order_paid_clean,0,
payment,pay_H8dDkQl1z3zxay,payment_applied,order_vgy6VRH3Kxvnf1,order_paid_clean,0,
payment,pay_EpxvlPjcAX4QE7,payment_applied,order_EqV2yfLElhXCGM,order_paid_clean,0,
payment,pay_ze1izuM029soIP,payment_applied,order_eFMGVw0Dpaip1h,order_paid_clean,0,
payment,pay_jTbLgGo5D6Ssah,payment_applied,order_chsqu8KXBdAQuB,order_paid_clean,0,
payment,pay_ckpv8p8IxwrUfK,payment_applied,order_CxiYCEhSpMjQuy,order_paid_clean,0,
payment,pay_ZMmdVGYsYG9ObV,payment_failed,order_CxiYCEhSpMjQuy,failed_then_captured,0,failed attempt; a later capture succeeded
payment,pay_is09Tch1icaw3V,payment_applied,order_O7aZMwuISJNAoA,order_paid_clean,0,
payment,pay_nIQuLvjEydpzqc,payment_failed,order_O7aZMwuISJNAoA,failed_then_captured,0,failed attempt; a later capture succeeded
payment,pay_UlOozLiGLhUjMq,payment_applied,order_4CfGjyxHEwN6aJ,order_paid_clean,0,
payment,pay_KrDrKX9CGlzJJP,payment_applied,order_fsYDfBpUP2UVRM,order_paid_clean,0,
payment,pay_JlhFW2Q7mK4xlC,payment_applied,order_8nGl2IVcRuqVdX,order_paid_clean,0,
payment,pay_8UazGDb7GzKkji,payment_applied,order_2FDBqj4RZy3KNf,order_paid_clean,0,
payment,pay_AFKSNKxHxPVxgi,payment_applied,order_pCBfDUvZQDdnKS,order_paid_clean,0,
payment,pay_R8GLNuEZ6c47H9,payment_applied,order_pdrDaQGwik8nQw,order_paid_clean,0,
payment,pay_GF08TxUsnAaX7N,payment_applied,order_KG12TVvloonI1C,order_paid_clean,0,
payment,pay_I788g7SiRXEqoJ,payment_applied,order_V2aarmCnqlSpRT,order_paid_clean,0,
payment,pay_VdhCkFL6Mk68Fk,payment_applied,order_qnTASqCxB62Cj7,order_paid_clean,0,
payment,pay_LmUZLwLiKjSM6R,payment_applied,order_ZbopjUKP2ySZ81,order_paid_clean,0,
payment,pay_L6SmtlsnREbdgr,payment_applied,order_tNmxHgK0ukOHsw,order_paid_clean,0,
payment,pay_Kd6xgHRkR3JRYI,payment_applied,order_CM1ie60kEzff5k,order_paid_clean,0,
payment,pay_bPfP5enEtKN6l9,payment_applied,order_zQRzEdbY0q53ts,order_paid_clean,0,
payment,pay_sIs99ZS9DlSskB,payment_applied,order_PcBnMixMnZFbtr,order_paid_clean,0,
payment,pay_uv1r9z0NyFF4Pa,payment_applied,order_GkWyCZf1j29l4B,order_paid_clean,0,
payment,pay_ndKKo41qKWHE3d,payment_applied,order_PYdUpZOvwUT9Q2,order_paid_clean,0,
payment,pay_Ff9oQ7k7ou4q80,payment_applied,order_UbZy2g23ru9u45,order_paid_clean,0,
payment,pay_5zoJkG0L0bIWXz,payment_applied,order_v30XYYPYL9mavd,order_paid_clean,0,
payment,pay_MTLtwmVTdp6avQ,payment_refunded,order_ncy5PqHyLvwwW6,order_refunded,0,
payment,pay_mZBk1uO32DEpWS,payment_applied,order_YogCIwJJPxOT50,order_paid_clean,0,
payment,pay_2BfNJ8f7VbpJYd,payment_applied,order_nQkj7JTj65tSka,order_paid_clean,0,
payment,pay_AozWjCXQiehzqV,payment_applied,order_cP2HVO5OPOR4A0,order_paid_clean,0,
payment,pay_j0baHFcKK0KKkX,payment_applied,order_Jd6p1iPeeukn7g,order_paid_clean,0,
payment,pay_3GXbe9UAeMh2U1,payment_applied,order_QfqdVgEVl4m65S,order_paid_clean,0,
payment,pay_VeWrhbq7YdrNIP,payment_applied,order_0uUjLDuX4e6nt2,order_paid_clean,0,
payment,pay_zQjnI5OFFYx5G7,payment_applied,order_AtEgeMwqu3uh7m,order_paid_clean,0,
payment,pay_0tY2CtXG6lwm0c,payment_applied,order_pUiclBzKztc3Dx,order_paid_clean,0,
payment,pay_tNti0uT52fWjDH,payment_applied,order_cSWrPKLYPk8o8z,order_paid_clean,0,
payment,pay_5utxYeuqoBqHdI,payment_applied,order_w0eXz9xaWFNEcS,order_paid_clean,0,
payment,pay_RwD5wq4vkuSdlW,payment_applied,order_qWhkBLY61Eg7uB,order_paid_clean,0,
payment,pay_xNarhm3WN33eSs,payment_applied,order_SfCWPkKkBzzd8n,order_paid_clean,0,
payment,pay_51gIdS1TzIvZOp,payment_refunded,order_YRKCYa5bBXPh8g,order_refunded,0,
payment,pay_hVM2eb6kq0tBr6,payment_applied,order_L5xzyNoLo6PwHV,order_paid_clean,0,
payment,pay_1pf4GiZxC0XSxD,payment_applied,order_8KhuCq0N6C9g5n,order_paid_clean,0,
payment,pay_uN0JpnwCErn1md,payment_applied,order_IGb3H8pqaD78Ed,order_paid_clean,0,
payment,pay_lF2uNGkVWMB9x5,payment_applied,order_uu2s7GXR89ZZzV,order_paid_clean,0,
payment,pay_ZMYZ1cKWYJOo6I,payment_applied,order_Ke349GMy77XpFI,order_paid_clean,0,
payment,pay_IDLbGYhDrfCRg5,payment_applied,order_H369yATDLo57gY,order_paid_clean,0,
payment,pay_W5oAkLYBOJl8Oi,payment_applied,order_ePB4MaO4flz5LZ,order_paid_clean,0,
payment,pay_rJjqVt5S1zHYgD,payment_applied,order_1axssxED4uEuTn,order_paid_clean,0,
payment,pay_0ypEPYlWsrS9j1,payment_applied,order_Btjj4VJeAyZuC9,order_paid_clean,0,
payment,pay_6JTTuTgCJUHNlt,payment_applied,order_GijJr1BV0Yz94X,order_paid_clean,0,
payment,pay_xFTyx0fyWZa8IP,payment_applied,order_fJOAKN2UhFH7zD,order_paid_clean,0,
payment,pay_fPI3ldp12f6YRR,payment_applied,order_icCJWqZodpZjwj,order_paid_clean,0,
payment,pay_O6TQyd1i7cH8Sa,payment_applied,order_IClENRxqApEg6Z,order_paid_clean,0,
payment,pay_UCjhijYuTea5jK,payment_applied,order_udwKtGs51O51Yb,order_paid_clean,0,
payment,pay_StyaEPfSEcOaJO,payment_applied,order_H5kBWd1D1NdDGD,order_paid_clean,0,
payment,pay_a32DU64RqShKto,payment_applied,order_vzpGtsEHMRQJ1S,order_paid_clean,0,
payment,pay_9mvMr4b7guKQxc,payment_applied,order_NLo7ckX1VUzhch,order_paid_clean,0,
payment,pay_rn8sOyKqDUa63g,payment_applied,order_J9PmFQvmI9dREG,order_paid_clean,0,
payment,pay_3HCIR5yz4cskWO,payment_applied,order_G22adoTxa1guBe,order_paid_clean,0,
payment,pay_bpniRXVNv1LKXl,payment_applied,order_1PP5rwKTXaSJlZ,order_paid_clean,0,
payment,pay_HLGTSX5m8mnBfD,payment_applied,order_D92B30P8ZCP5P5,order_paid_clean,0,
payment,pay_veGkKKcFeY9LW9,payment_applied,order_wdjwj5uggWcC7p,order_paid_clean,0,
payment,pay_zIYAcUiB8trcb0,payment_applied,order_ULYeQL99HIgxE8,order_paid_clean,0,
payment,pay_ZWF6ZJbcEHd1vq,payment_applied,order_GmL1gvOKoRrJz9,order_paid_clean,0,
payment,pay_e8PRULoOpBg0A1,payment_applied,order_aZ4pfcBIoIKe7a,order_paid_clean,0,
payment,pay_Xfr1KT8TJ72dEG,payment_applied,order_zA05bOczPj83h1,order_paid_clean,0,
payment,pay_Czcqnfx9kukPtf,payment_applied,order_aZM21e1kAy4Pe2,order_paid_clean,0,
payment,pay_dbGNTK34MozWTn,exception_amount_mismatch,order_uZx2J17j8StHiL,amount_mismatch,0,captured amount differs from order amount
payment,pay_WvqeXi427HCQem,payment_applied,order_nS2fltIsKqYjKN,order_paid_clean,0,
payment,pay_cgDlbyB39BBhhk,payment_applied,order_24ZcSWkFddOsN2,order_paid_clean,0,
payment,pay_8xoEclzIhN0zIS,payment_applied,order_5xwShLhjp7CKFU,order_paid_clean,0,
payment,pay_jHUDbWl3Ntk44D,payment_applied,order_BkWBARFu5b3UKS,order_paid_clean,0,
payment,pay_j2m8RdJVqYgzGY,payment_applied,order_EOvRw21hX7BowT,order_paid_clean,0,
payment,pay_8ATw6dptK3QJ44,payment_applied,order_4kb7nVYva7Xd95,order_paid_clean,0,
payment,pay_92KIXCCdu4vbxI,payment_failed,order_4kb7nVYva7Xd95,failed_then_captured,0,failed attempt; a later capture succeeded
payment,pay_0g4J2NaB0LA4sX,payment_applied,order_S0XcyTLh6vIhEV,order_paid_clean,0,
payment,pay_MPOl9U7CLYzeM9,payment_applied,order_0GKbP3xUcRbDvm,order_paid_clean,0,
payment,pay_tt8wKNzsRko02S,payment_applied,order_Q2f3YKxTsjsBeO,order_paid_clean,0,
payment,pay_VaKv2sIPfPyt7c,payment_applied,order_g6CG6waDoc7zf2,order_paid_clean,0,
payment,pay_dNtW7lEN9JaI19,payment_applied,order_xvbFgnRxutHfYq,order_paid_clean,0,
payment,pay_Z9FAMga2PP8Q8K,payment_applied,order_wBNANl7oKu3kgP,order_paid_clean,0,
payment,pay_2DwyLTCYQCHGWL,payment_applied,order_6SoxgFvGB4iARj,order_paid_clean,0,
payment,pay_mGQtVVEMxCZZdn,payment_applied,order_WheynXmRRdAqw5,order_paid_clean,0,
payment,pay_SoMcnD1wR9tvlb,payment_applied,order_0GKpKhrb9SbmOB,order_paid_clean,0,
payment,pay_D8ZgLprjIncCZ8,payment_applied,order_mnOY9AS2zolu78,order_paid_clean,0,
payment,pay_AHKaS39zg7zr8E,payment_applied,order_YS2qDp23UMoijS,order_paid_clean,0,
payment,pay_fmrvYrEbvVw51Q,payment_applied,order_TALYhNDvrzJRar,order_paid_clean,0,
payment,pay_uEC637DWrvMKLR,payment_applied,order_0TU4S9ZyMKEHcS,order_paid_clean,0,
payment,pay_h4IvqAfnsu7wXw,payment_applied,order_q6OAaUmA2meADC,order_paid_clean,0,
payment,pay_QJ0mN0TnH38xEt,payment_applied,order_4nR5koVWuJP6e6,order_paid_clean,0,
payment,pay_cWdobW6LDttAS2,payment_applied,order_wT08h5owUCoryJ,order_paid_clean,0,
payment,pay_zhKHumypQnqPU5,payment_applied,order_mzm1hNtvxYze2E,order_paid_clean,0,
payment,pay_Cm8uAeLvk9SED8,payment_applied,order_hGiK89Z0xbiynT,order_paid_clean,0,
payment,pay_e9w1GRiRX2aVbA,payment_applied,order_H3rOvQO192aPPU,order_paid_clean,0,
payment,pay_QwqGm2loJnyhFS,payment_failed,order_H3rOvQO192aPPU,failed_then_captured,0,failed attempt; a later capture succeeded
payment,pay_Saeh9AC49CTP88,payment_applied,order_DpowieBYGY9wCZ,order_paid_clean,0,
payment,pay_atKbE34sHFJ28f,payment_applied,order_UwmRkkfUDgKdVu,order_paid_clean,0,
payment,pay_YxBdsDrIdmULls,payment_applied,order_b4g7tKFvmAzvRO,order_paid_clean,0,
payment,pay_12iBCaNOldNSbU,payment_applied,order_BjZ3m7njvogPva,order_paid_clean,0,
payment,pay_q7nKotjxSpDATE,payment_applied,order_7GObkdyQaSH2Jr,order_paid_clean,0,
payment,pay_omlmpAqtBBpn2H,payment_failed,order_7GObkdyQaSH2Jr,failed_then_captured,0,failed attempt; a later capture succeeded
payment,pay_ZPgFgnAiZ6bfFC,payment_applied,order_hp1vjCbd5yz9jQ,order_paid_clean,0,
payment,pay_TcGywSPeYNiUMK,payment_applied,order_KzeeqBC7MMLBgE,order_paid_clean,0,
payment,pay_JtZXLJpY6GflU3,payment_applied,order_YLv1XlDiDMO4hr,order_paid_clean,0,
payment,pay_3euu41dPmw9XOo,payment_applied,order_5dCSBsKG0s42K6,order_paid_clean,0,
payment,pay_wEbc7TsaSbbgWI,payment_applied,order_nxnv41Q5t4l0vB,order_paid_clean,0,
payment,pay_hVspxDMjTP9mk7,payment_applied,order_dnmrhAb2CVl3Fh,order_paid_clean,0,
payment,pay_Pt63Uahk09H3Yo,payment_failed,order_dnmrhAb2CVl3Fh,failed_then_captured,0,failed attempt; a later capture succeeded
payment,pay_rqRTcyIx075SDc,payment_applied,order_bfLKv2nDDXvLdy,order_paid_clean,0,
payment,pay_HzU8GTQwfcn11a,payment_applied,order_yFcfQGnjo3wrtX,order_paid_clean,0,
payment,pay_fRtSjS4I1O0TUN,payment_applied,order_MOs1z4wf0IQSi3,order_paid_clean,0,
payment,pay_HMtSegZENhjlgi,payment_applied,order_kAnVhyErzPOOlO,order_paid_clean,0,
payment,pay_eq5bNvl53mKU0t,payment_applied,order_TIo3qzFsevTHJt,order_paid_clean,0,
payment,pay_WuwoY2VcnhwQcf,payment_applied,order_HLi6lyRJyjTmlj,order_paid_clean,0,
payment,pay_sMoioly8rKAhzK,payment_applied,order_vNtNGoHV72lyvr,order_paid_clean,0,
payment,pay_7E5PxA9yxurK6U,payment_applied,order_xxM4AOaHfUCpsK,order_paid_clean,0,
payment,pay_YX4wR3qsjvHMPX,payment_applied,order_cf8qu09hBbbyDB,order_paid_clean,0,
payment,pay_jVip2nuB606SNy,payment_applied,order_b8bTOqdchj7dNl,order_paid_clean,0,
payment,pay_8TWTGzwJyH3ELO,payment_applied,order_GJm5ALqAjYKrJJ,order_paid_clean,0,
payment,pay_u2KW9l43IUDvYO,payment_applied,order_tDOTYkReHsebqN,order_paid_clean,0,
payment,pay_pQbojebfCUqqzj,payment_applied,order_Xz74tLHFtt7V0X,order_paid_clean,0,
payment,pay_SWTXhXjqPXEnRg,payment_applied,order_9BIwRYzdcnm5xL,order_paid_clean,0,
payment,pay_djUqtSfXxKG39j,payment_applied,order_24l7Ty2bNqFPHn,order_paid_clean,0,
payment,pay_DaVdxQn0ywVzei,payment_applied,order_hrbR8r9IiOGAeN,order_paid_clean,0,
payment,pay_QNbEnmBFCoIqRV,payment_applied,order_qlHUCIgS90yuLu,order_paid_clean,0,
payment,pay_QcjZLZUEHXUUWu,payment_applied,order_TGS9VaF66zTF3q,order_paid_clean,0,
payment,pay_ENYKox8uHruki8,payment_applied,order_6Srbs5aBRFvwva,order_paid_clean,0,
payment,pay_99zjg57WnFhnku,payment_applied,order_EMHMVNGBTMN5Ib,order_paid_clean,0,
payment,pay_If88PuZ1QuO7Ab,payment_applied,order_5Xhd5BBvU35b0G,order_paid_clean,0,
payment,pay_xSEv2IXONHWx1c,payment_applied,order_Nz8kMRegOBSXJg,order_paid_clean,0,
payment,pay_CGSwBEAf5Zy3x5,exception_amount_mismatch,order_bcZMrxudjfI404,amount_mismatch,0,captured amount differs from order amount
payment,pay_p9IIcakOZBsM9q,payment_applied,order_xeGErevTSUdfhF,order_paid_clean,0,
payment,pay_25BSbng903e1i9,payment_applied,order_GVaPuHbbxZBNBl,order_paid_clean,0,
payment,pay_ftuaiUwYMKXe9X,payment_applied,order_1gGmDbRVanKRZg,order_paid_clean,0,
payment,pay_lQK9fnkXjaxTV9,payment_applied,order_ERphajuib2LqB8,order_paid_clean,0,
payment,pay_SeuTF9Cs7vvv6f,payment_applied,order_113RCNOBJFAk6K,order_paid_clean,0,
payment,pay_uYHHx8q9NMYBkx,payment_applied,order_NB47lvAAn5AB7s,order_paid_clean,0,
payment,pay_avPGqfZAwRjSe7,payment_applied,order_6TjKWTo9X0pVfa,order_paid_clean,0,
payment,pay_YaZpXYXSsh6dhu,payment_applied,order_b4VG5wIKotYZGF,order_paid_clean,0,
payment,pay_J8NVR5aJOdwU1S,payment_refunded,order_c9yZzukV3gbbua,order_refunded,0,
payment,pay_nJa50R0xKn7FxX,payment_applied,order_JTl5F788ixsTQn,order_paid_clean,0,
payment,pay_pWZyYVVQX7TMow,payment_applied,order_MkTEyViPD1vb9D,order_paid_clean,0,
payment,pay_LwqaMAae5k3tGM,payment_applied,order_DMUCa94JGPoeC4,order_paid_clean,0,
payment,pay_jceI5L9bzNg3TM,payment_applied,order_BiwmoND3sWMsvm,order_paid_clean,0,
payment,pay_KFTnlbaj8erEK1,payment_failed,order_BiwmoND3sWMsvm,failed_then_captured,0,failed attempt; a later capture succeeded
payment,pay_Go4NQUXVXZWvI3,payment_applied,order_dy0yFBMRam9ueS,order_paid_clean,0,
payment,pay_OqvVHF1DcRktOd,payment_applied,order_YRQQ4eXXnkToEk,order_paid_clean,0,
payment,pay_eBKJgjw23G0RJh,payment_applied,order_PIkYFHKN8nTfNn,order_paid_clean,0,
payment,pay_DGjGEyvfOZ3au7,payment_applied,order_qEUiSXB63fbRab,order_paid_clean,0,
payment,pay_e4TqJ7Bq5bNbCY,payment_applied,order_UwdFBoZ4aUCb4i,order_paid_clean,0,
payment,pay_I62v7bxq5QK1c6,payment_applied,order_r7CHULrApE9p8Q,order_paid_clean,0,
payment,pay_7jzWaRRDTuKHMi,payment_applied,order_LmHA9ii3X0pSpw,order_paid_clean,0,
payment,pay_BGFPqaEyPfNJ8e,payment_applied,order_ZV9BC0GDYIWPpT,order_paid_clean,0,
payment,pay_rpiMqBWU5UIiWp,payment_applied,order_9PODkb5UPXH3aP,order_paid_clean,0,
payment,pay_usCyjqEtdEDwtd,payment_applied,order_ZVcNYuYKqcD1LQ,order_paid_clean,0,
payment,pay_mdIoJiaoxmqixv,payment_applied,order_oFcoXCCqIejyEy,order_paid_clean,0,
payment,pay_fTubgMJ0u6QqrE,payment_applied,order_hE6fjuZgFl5obQ,order_paid_clean,0,
payment,pay_2GireJ3FyAGfYP,payment_applied,order_fHxPDcn0Dy0JGK,order_paid_clean,0,
payment,pay_jhDM4mYGxkDzuh,payment_applied,order_YlVNVOIYgFc5Y2,order_paid_clean,0,
payment,pay_QosEpzgzaCF9Re,payment_applied,order_fyX6X0T8CzYHPo,order_paid_clean,0,
payment,pay_Yuair9tk2owftG,payment_applied,order_Y6fET16o9QeEsH,order_paid_clean,0,
payment,pay_zNUDyoarOcRTzQ,payment_failed,order_Y6fET16o9QeEsH,failed_then_captured,0,failed attempt; a later capture succeeded
payment,pay_5qkoIfm9DBHsBi,payment_applied,order_XAjWXIXnKTz2Os,order_paid_clean,0,
payment,pay_QGtCSwH3NzpjWQ,payment_applied,order_qf1t68WsxsKpIn,order_paid_clean,0,
payment,pay_iyNxlhJOZjWTRL,payment_applied,order_82LQ35Kh3Gk1SJ,order_paid_clean,0,
payment,pay_ylaN1vWLRpPjMb,payment_applied,order_zjNFSnRGzCxIxA,order_paid_clean,0,
payment,pay_7Ca1Dhzf4g0JYd,payment_applied,order_VdwuOA5E4SiRgU,order_paid_clean,0,
payment,pay_pVb83Sm67SnvvA,payment_refunded,order_gsKq4MqypbNkuz,order_refunded,0,
payment,pay_4ZEg4pbZNIWZ5i,payment_applied,order_f2Pu9FBW5MPVQG,order_paid_clean,0,
payment,pay_82ZIreJZRJhhb7,payment_applied,order_dL0wRC1I3rddx3,order_paid_clean,0,
payment,pay_9G8yr1rRhwJEbh,payment_applied,order_AjEBYxyIUk6nwW,order_paid_clean,0,
payment,pay_B45kZ4BIyaTKOX,payment_applied,order_VORE7OvTnFCAYa,order_paid_clean,0,
payment,pay_RTx31LGjS3tj6s,payment_applied,order_SpE9lIdEcOn82v,order_paid_clean,0,
payment,pay_jCB2bodk5lfY9f,payment_applied,order_M5vTAokU4NZdzX,order_paid_clean,0,
payment,pay_118yAZvGzHjxyX,payment_failed,order_M5vTAokU4NZdzX,failed_then_captured,0,failed attempt; a later capture succeeded
payment,pay_0coifTurzhBnOp,payment_applied,order_WrWbvk7ha8XOG5,order_paid_clean,0,
payment,pay_SSMzyOvjwCepzE,payment_applied,order_yxlF9H0h82pblC,order_paid_clean,0,
payment,pay_GmFuYX6fxG5pJW,payment_applied,order_pJiMDwi0D05Ad8,order_paid_clean,0,
payment,pay_lQsJFPU46QDkQ1,payment_applied,order_pgTrwkXRd9ESuf,order_paid_clean,0,
payment,pay_VHHVi701S6LbN5,payment_failed,order_pgTrwkXRd9ESuf,failed_then_captured,0,failed attempt; a later capture succeeded
payment,pay_0uu0lNg7TnJKNA,payment_applied,order_CcXFKT58TWB0ub,order_paid_clean,0,
payment,pay_7lvRORiZBWM798,payment_applied,order_Lcg4sxMKhQ5UEe,order_paid_clean,0,
payment,pay_ln4wumGNnVMPrQ,payment_refunded,order_DomKBud7kcdfTx,order_refunded,0,
payment,pay_ypQO8bjsFktst5,payment_applied,order_Nngh3ceffLHFYc,order_paid_clean,0,
payment,pay_GAJgeC1zeK21no,payment_applied,order_GDOBO41yeh1bvK,order_paid_clean,0,
payment,pay_octBdNIN7nPBjO,payment_applied,order_IGA0n7vF7KRqDB,order_paid_clean,0,
payment,pay_ziYGwhfYuLv9Ho,payment_applied,order_lR6auIXwwXMXz4,order_paid_clean,0,
payment,pay_xItMNE6ji9QlKv,payment_applied,order_q7mHkUDEsAbOWx,order_paid_clean,0,
payment,pay_S5z7a0vRIY2GAM,payment_failed,order_q7mHkUDEsAbOWx,failed_then_captured,0,failed attempt; a later capture succeeded
payment,pay_P3tEWriby4yHXi,payment_applied,order_UFpPC0swynNVhO,order_paid_clean,0,
payment,pay_rECADoo9BNElKR,payment_applied,order_zzPorgOV6lB6sT,order_paid_clean,0,
payment,pay_Pmz25xj9FlYXYY,payment_applied,order_YFXlTJUc6dM7Cf,order_paid_clean,0,
payment,pay_5FImniqZQT1qph,payment_applied,order_H5xH8yMMbndExs,order_paid_clean,0,
payment,pay_OFb84dHnKSTVZj,payment_applied,order_ILsHEogHVK3tsS,order_paid_clean,0,
payment,pay_rqSevFsudqtXx1,payment_applied,order_ojKbDzpBrZikTn,order_paid_clean,0,
payment,pay_Pf0QgTe6TnXFP0,exception_amount_mismatch,order_V3jbuyvaude39U,amount_mismatch,0,captured amount differs from order amount
payment,pay_1NBAsNc5fimJjv,payment_applied,order_ug707g6lUZliMY,order_paid_clean,0,
payment,pay_YcJLqnJbM3wTsk,payment_applied,order_kY0yMCMvbB3Y1m,order_paid_clean,0,
payment,pay_4H7y8dpuDFweF1,payment_applied,order_BtndyAd5SCvYLA,order_paid_clean,0,
payment,pay_mZGoTWoPj8klen,payment_applied,order_q6DafJr54ynpER,order_paid_clean,0,
payment,pay_fiycl13e97bZR8,payment_applied,order_O6CpAFj71wlVLL,order_paid_clean,0,
payment,pay_EK1ZHtlByRjkxU,payment_applied,order_puXD2RIdwPaWMn,order_paid_clean,0,
payment,pay_d25sBVOivPVMds,payment_applied,order_FEIwsT221ZwCER,order_paid_clean,0,
payment,pay_qOKzL1pXdvRtrn,payment_applied,order_xtEMrKFPuo3eVo,order_paid_clean,0,
payment,pay_L8GiTtFVBRHQQV,payment_applied,order_hjI9V852UANH1u,order_paid_clean,0,
payment,pay_ME7Tw1SrbbgL7t,payment_applied,order_5lxNEUxBGfGdWL,order_paid_clean,0,
payment,pay_ry9Sxi2DwvuKKG,payment_applied,order_FnQA5BJbbJY6ro,order_paid_clean,0,
payment,pay_GNVfjSVIcmWyAG,payment_applied,order_7G5DaJTfJLMxbP,order_paid_clean,0,
payment,pay_4FLUkUrlNvgmyV,payment_applied,order_PtDynDFZKeMlBQ,order_paid_clean,0,
payment,pay_Jc7Re72J1RoZG7,payment_applied,order_lSaqpjuvvle1qw,order_paid_clean,0,
payment,pay_T8WJzUOlVxekzw,payment_applied,order_PSK2gN3VhJOYkq,order_paid_clean,0,
payment,pay_UCGCqpXZsuZSMv,payment_applied,order_VEmnPbbxrsqBN0,order_paid_clean,0,
payment,pay_HM92DCb0Nbml7m,payment_applied,order_LW46CipLWIETor,order_paid_clean,0,
payment,pay_ntbYlRXDatNAgd,payment_applied,order_7VDi8hsB5yVWyj,order_paid_clean,0,
payment,pay_NIp7bO8tWDvx8D,payment_applied,order_WxhY2VTPgSt4Jw,order_paid_clean,0,
payment,pay_CBIs7uzG40oV4k,payment_applied,order_rnSfnwq0DYUAkr,order_paid_clean,0,
payment,pay_rsxbsi5PspyiBI,payment_applied,order_Jxk0QOxu8BQkO1,order_paid_clean,0,
payment,pay_Pwz8hCjHPM5wmx,exception_amount_mismatch,order_qHVsBKV0MkNUOY,amount_mismatch,0,captured amount differs from order amount
payment,pay_3UKM5ifMhot25Y,payment_applied,order_xaMjBcJo5wvF9c,order_paid_clean,0,
payment,pay_nRs2XKkgWSdpoa,payment_applied,order_uVest0KPI78rbM,order_paid_clean,0,
payment,pay_MJBXp7ZDz88Toz,payment_applied,order_UY5vSL9tY6uKoa,order_paid_clean,0,
payment,pay_aH1PretoILLuc2,payment_applied,order_RQFsFbw8HII02O,order_paid_clean,0,
payment,pay_M8D5Ie7dp8DbJ1,payment_applied,order_xd7GAtHR3u2jeu,order_paid_clean,0,
payment,pay_RKIq0vS39U94yT,payment_applied,order_xR126p5xM63Rj7,order_paid_clean,0,
payment,pay_mB22LKTP1KD3CC,payment_applied,order_vT3umLsgNdpDGO,order_paid_clean,0,
payment,pay_7srzPlCpdmJRRA,payment_applied,order_HEWsWO4oNqrDiB,order_paid_clean,0,
payment,pay_wGiLOmt0Sb2FWx,payment_applied,order_9nER1sWlDFtd7i,order_paid_clean,0,
payment,pay_T58Yro0lwqUYsT,payment_applied,order_0rxwUXDlilJ3YW,order_paid_clean,0,
payment,pay_cjBzweuaBgqheC,payment_applied,order_TDfeVeHtZXvTaM,order_paid_clean,0,
payment,pay_VqmiSa4btgf3wR,payment_applied,order_bRzNe1CbIb90Pd,order_paid_clean,0,
payment,pay_M59oL2GXSlUy6X,payment_applied,order_JzvfCZ4BjYESfB,order_paid_clean,0,
payment,pay_lBzfDGtkC68LNA,payment_applied,order_9Qk87WQ28EVS5l,order_paid_clean,0,
payment,pay_uVMkHwK80oRPVq,payment_applied,order_luxTuqoFZSnCDH,order_paid_clean,0,
payment,pay_n6M6TD7bqAoS7x,payment_applied,order_3yXq65N59TzRQO,order_paid_clean,0,
payment,pay_51VyvHphEoGdZz,payment_applied,order_hTCP2L63iCrXMj,order_paid_clean,0,
payment,pay_JsIwhaOMaoNpYo,payment_applied,order_ONVhrL8J2CqthQ,order_paid_clean,0,
payment,pay_w7mQIOzG1u7VMx,payment_applied,order_zyWhXGbnF3bKgh,order_paid_clean,0,
payment,pay_zL9kscDxsz24MP,payment_applied,order_cKACvTIrCI9vw4,order_paid_clean,0,
payment,pay_CicmQOSLwFrZNs,payment_applied,order_2MBF2G404VKs8W,order_paid_clean,0,
payment,pay_TJRNyxu3ts2JmD,payment_applied,order_uzSR6LH1sGoVpB,order_paid_clean,0,
payment,pay_xMGVt06wJxcuLn,payment_applied,order_qNV4ls5hpZvNrO,order_paid_clean,0,
payment,pay_aJXSG2ST4sPRea,payment_applied,order_xmASSFWVFhAdwr,order_paid_clean,0,
payment,pay_t2569viciX2aOG,payment_applied,order_jzWmSe9U6onXWc,order_paid_clean,0,
payment,pay_fStYo5hn8sBBCd,payment_applied,order_XpJEbuOci1gvKW,order_paid_clean,0,
payment,pay_SJTDIyciLzDfHU,payment_applied,order_fGk8uWeIwOK2JO,order_paid_clean,0,
payment,pay_7aYLdAYTPLZone,payment_applied,order_CT0dnHUnJlY7SE,order_paid_clean,0,
payment,pay_Z1G3COPXQFPV1Z,payment_applied,order_HcL7HnWlJlMbl9,order_paid_clean,0,
payment,pay_MYCfedkUxC2JuE,payment_applied,order_sKdkUDnpnzau7X,order_paid_clean,0,
payment,pay_I1Hmra3yNkU8Sy,payment_applied,order_0UWLMvu3VWA3Ou,order_paid_clean,0,
payment,pay_insOQOsjQxhmOE,payment_applied,order_Gfuzbs3PylFW1W,order_paid_clean,0,
payment,pay_Va6yVPYAmIZ1M4,payment_refunded,order_sxgr9hySxHH9oi,order_refunded,0,
payment,pay_ivX2b4zFk8gqnq,payment_applied,order_FvlAZev1712exX,order_paid_clean,0,
payment,pay_P1087IzT471flC,payment_applied,order_gl3RoZWZUYrhpH,order_paid_clean,0,
payment,pay_j5nv14E9JEwrqS,payment_applied,order_kg1awJrQZRLlmB,order_paid_clean,0,
payment,pay_5pcrMQT8UVLufG,payment_applied,order_AnU5ultZtFegXN,order_paid_clean,0,
payment,pay_dfXW2xEpdaQS6F,payment_applied,order_wgj6FVlKDxwL6Z,order_paid_clean,0,
payment,pay_C3aBwt3LyBDOB6,payment_applied,order_bhWb103O2FMTnt,order_paid_clean,0,
payment,pay_1F7BMyQbH8s69K,payment_applied,order_pUUaW2H0UEtoG2,order_paid_clean,0,
payment,pay_0cFiK7iY8scrYO,payment_applied,order_GNQKXosd3vC2Lo,order_paid_clean,0,
payment,pay_6Ic1m0qg8JfFSt,payment_failed,order_GNQKXosd3vC2Lo,failed_then_captured,0,failed attempt; a later capture succeeded
payment,pay_Rmk1OAHjvgV508,payment_applied,order_nsLWCoQdh4W68L,order_paid_clean,0,
payment,pay_pm6TTs3Urqg54f,payment_applied,order_Rwy0o4BDFvjqkK,order_paid_clean,0,
payment,pay_bPZGD9yaKtuFrE,payment_applied,order_GM0MOspoLnCxF3,order_paid_clean,0,
payment,pay_3W2vJZuJYVN9qY,payment_applied,order_VxdvTPbSedpDT0,order_paid_clean,0,
payment,pay_fYgOuWM1V5wRs0,payment_applied,order_gKXQ9aXNkb2khR,order_paid_clean,0,
payment,pay_a2pAWSgNopQd7g,payment_applied,order_rQiNsLzuRWnzu8,order_paid_clean,0,
payment,pay_xEaLZhZkP74Tyl,payment_applied,order_XRM1IVRHv4Lzwn,order_paid_clean,0,
payment,pay_MPAMMBhdJZfuvw,payment_applied,order_qnYIc3G7rEUN8e,order_paid_clean,0,
payment,pay_AIsOWhOmAWq9sY,payment_applied,order_BsoGP6A7YnaQOx,order_paid_clean,0,
payment,pay_hG9LZcVc6rNtN0,payment_applied,order_PPI8aJVVVRsHok,order_paid_clean,0,
payment,pay_WJcwd4tr4W4Cyx,payment_applied,order_ir6zaCubJbXHIT,order_paid_clean,0,
payment,pay_WY5e8x3RVPdyH8,payment_applied,order_qtlhzUZIXxvg0a,order_paid_clean,0,
payment,pay_rM8bWrSl8iONXx,payment_applied,order_7MiSl7MybIPxd4,order_paid_clean,0,
payment,pay_TAX7P7mwY5bMLR,payment_applied,order_7CbXZt9EsrffMb,order_paid_clean,0,
payment,pay_lVm9hUNKcilZoF,payment_applied,order_M09HFjRflDwAtH,order_paid_clean,0,
payment,pay_ukuLian1PtenRi,payment_refunded,order_bJhZ2daCnU0aIO,order_refunded,0,
payment,pay_VRKienYnxxKYZK,payment_applied,order_jMmBZIGRJdwSqR,order_paid_clean,0,
payment,pay_Ld7ZEOcpChDjD0,payment_failed,order_jMmBZIGRJdwSqR,failed_then_captured,0,failed attempt; a later capture succeeded
payment,pay_gYH5VZEADdn82g,payment_applied,order_pWgTxChTXVmE23,order_paid_clean,0,
payment,pay_0xzaLNINwHycqY,payment_applied,order_UHtA1vZzMbY1jZ,order_paid_clean,0,
payment,pay_2UDEPYNQoYlhDl,payment_applied,order_2rrvioPmgpPWiq,order_paid_clean,0,
payment,pay_hLmQMoXnG2RfP7,payment_applied,order_Bkcg372myLQgZ5,order_paid_clean,0,
payment,pay_LtdzTGjEjVHSrf,payment_applied,order_snJYn32k1CFkRb,order_paid_clean,0,
payment,pay_lmr5FdsdWnEEyX,payment_failed,order_snJYn32k1CFkRb,failed_then_captured,0,failed attempt; a later capture succeeded
payment,pay_8G4av4BGqpZjCx,payment_refunded,order_E3dC5ELJ3lF1Fr,order_refunded,0,
payment,pay_MiJf3zytOPhPDL,payment_applied,order_94hpggcSCMDHq3,order_paid_clean,0,
payment,pay_71Ssc7A1Vr6ni3,payment_applied,order_CaAapTgQKak9lV,order_paid_clean,0,
payment,pay_0PqbD0mcqBfpmF,payment_applied,order_JTgfCMH3pchE0a,order_paid_clean,0,
payment,pay_n1K5Xmp8WoQIo9,payment_applied,order_RBfdWCiH73KUx3,order_paid_clean,0,
payment,pay_1U9qyddjTE2GMC,payment_applied,order_Ua5hRspDCD7swk,order_paid_clean,0,
payment,pay_diMJkevem5gLIX,payment_applied,order_WGJB1hADZ0uyyM,order_paid_clean,0,
payment,pay_ouZvAhW2zGGJGs,payment_applied,order_gnzXXaTzvhmypB,order_paid_clean,0,
payment,pay_u96ZdtbfjbOaT4,payment_applied,order_wGO6l5Oe5fAzn2,order_paid_clean,0,
payment,pay_mZOS8CPn9AJr8k,payment_applied,order_fsHEtcHCj4Wih9,order_paid_clean,0,
payment,pay_rj6AaR6RyxKehn,payment_applied,order_zOOlDxLMaDH0wv,order_paid_clean,0,
payment,pay_eg6DUdQY7RbDg6,payment_applied,order_vofkAhCMuxVVfG,duplicate_payment,0,
payment,pay_2AaJxqXG5uZJTn,exception_duplicate_payment,order_vofkAhCMuxVVfG,duplicate_payment,0,second capture against an already-paid order
payment,pay_T2tZToVpGLZ4gB,payment_applied,order_j1WZ9yAoGxzf7W,order_paid_clean,0,
payment,pay_RgeGj0wdWw3zRE,payment_applied,order_IEcI9iyKifUJof,order_paid_clean,0,
payment,pay_WZaCRLNMdypJcs,payment_applied,order_VLh2UyzdsKy2Bi,order_paid_clean,0,
payment,pay_iWZaI760nYoKTT,payment_applied,order_xc2ciRHKL0M9IZ,order_paid_clean,0,
payment,pay_30AxI79yLctiJL,payment_applied,order_xsQFnWcGO5L7yj,order_paid_clean,0,
payment,pay_I2mpnLszwucA0W,payment_applied,order_UBpyMl4tgMNUnd,order_paid_clean,0,
payment,pay_dJvdOatgQ2GVWY,payment_applied,order_MNSuVLvKMYOvCE,order_paid_clean,0,
payment,pay_oIuNtEt8c2tkn8,payment_applied,order_dSw4wOxbSbwO9U,order_paid_clean,0,
payment,pay_92t6SY96MlFPbI,payment_applied,order_ZkDQmN0o3HKQBO,order_paid_clean,0,
payment,pay_3itVf5dRQErW2v,payment_applied,order_jLOBRr876oEmZf,order_paid_clean,0,
payment,pay_9VHcsoOv4fsbAE,payment_applied,order_wbEmSu91fv9GIH,order_paid_clean,0,
payment,pay_ZgZQ9fuwozIY4Q,payment_applied,order_2AFY2f4GP9qdMa,order_paid_clean,0,
payment,pay_Z12PnPzDljeTKl,payment_applied,order_0YdNJVCxCeGIOt,order_paid_clean,0,
payment,pay_CNVz7WUuvx1Q1L,payment_applied,order_8fUCsNngyV7BvX,order_paid_clean,0,
payment,pay_SLpLx1xDuiGW5i,payment_applied,order_eZmZfKr9pl9JQ7,order_paid_clean,0,
payment,pay_A1UnjIyQo3iwgo,payment_failed,order_eZmZfKr9pl9JQ7,failed_then_captured,0,failed attempt; a later capture succeeded
payment,pay_netssHGWAkg4on,payment_applied,order_pEMQ3WG2WCVPUX,order_paid_clean,0,
payment,pay_JuoxstepJub53V,payment_applied,order_SoKHwxKOhGh66l,order_paid_clean,0,
payment,pay_PrcguC41t0z6Po,payment_applied,order_8uohY3zkhLGeAS,order_paid_clean,0,
payment,pay_PpQUN7q01vGXhP,payment_applied,order_wcEHz3qj6OefFe,order_paid_clean,0,
payment,pay_EqEzm8I4r8OMEp,payment_applied,order_grHjUi9IWjJNAR,order_paid_clean,0,
payment,pay_3RsvRBsTI4n064,payment_applied,order_8CfM8GiG5Q19bw,order_paid_clean,0,
payment,pay_41fXjVmGWPpqdI,exception_amount_mismatch,order_VE4cNipsVtal3I,amount_mismatch,0,captured amount differs from order amount
payment,pay_Rdx0xm5znoIEVt,payment_applied,order_wGsUZAv07TCy8c,order_paid_clean,0,
payment,pay_FyxoeNRoEZOxo8,payment_applied,order_NzgITQfFoDucbE,order_paid_clean,0,
payment,pay_62gchq4sn9Bfh4,payment_applied,order_eCNAwF0koKAU87,order_paid_clean,0,
payment,pay_fAPC9AF41H1vcZ,payment_applied,order_LmY1H1oIwaKKzB,order_paid_clean,0,
payment,pay_dFafv8EUvCGnlT,payment_applied,order_Sn9LtMYGofd9V0,order_paid_clean,0,
payment,pay_HhQAg1YCamNBQD,exception_amount_mismatch,order_Stl8XKBngSdVfL,amount_mismatch,0,captured amount differs from order amount
payment,pay_Ex9UtkOzcSOFXm,payment_applied,order_6bD7pi0ujphTrs,order_paid_clean,0,
payment,pay_8XWc57m7haHerX,payment_applied,order_WVDJbQuWIELOtn,order_paid_clean,0,
payment,pay_iNJO4vGPyGG2c0,payment_refunded,order_SbsFtB7JHfSzPE,order_refunded,0,
payment,pay_ULVYlGaF53Yyik,payment_applied,order_m9YVhitALkbc4V,order_paid_clean,0,
payment,pay_AsWfanFtlJCJHy,payment_applied,order_uKPdhewoSq99eT,order_paid_clean,0,
payment,pay_zjAzcDmUtUGqLd,payment_applied,order_iw7i1T7oV6fceG,order_paid_clean,0,
payment,pay_EpuFT3UTKATluD,payment_applied,order_Jx0LE02Govs2TZ,order_paid_clean,0,
payment,pay_orGTJEwtTkjls7,payment_applied,order_WV1lX5UAJ1RSJi,order_paid_clean,0,
payment,pay_MWATYlOI07XH4g,payment_applied,order_fwT86ymC9JzgzH,order_paid_clean,0,
payment,pay_Rkszu0gtafCBH3,payment_applied,order_J3XZfZzkUVVsP7,order_paid_clean,0,
payment,pay_A9iPu4Hiid62gI,payment_applied,order_q7IbpxilZLCapn,order_paid_clean,0,
payment,pay_d2TirWEwEMxXLx,payment_applied,order_1in6rr9ooHV3T0,order_paid_clean,0,
payment,pay_8iqKBA6OzEGFgP,payment_applied,order_78wb8Ft4NSe3wH,order_paid_clean,0,
payment,pay_kAISx5Un260CEZ,payment_applied,order_NXWIAVZkRHDlTR,order_paid_clean,0,
payment,pay_H7KfEi32reEvGp,payment_applied,order_FtERFqN6uxeVaX,order_paid_clean,0,
payment,pay_TuC8NlDb4dpKBQ,payment_applied,order_yP8ZEK5vo8KAUh,order_paid_clean,0,
payment,pay_ciG5kEma1hccaC,payment_applied,order_6pk1a9DmRSctqO,order_paid_clean,0,
payment,pay_EsHDhn8wJfJnCy,payment_applied,order_uFIQwBEDRHeHQb,order_paid_clean,0,
payment,pay_LxF7NDV4jrPATs,payment_applied,order_203IZ357zEQweo,order_paid_clean,0,
payment,pay_FS0Nk8lsEc550B,payment_applied,order_vGONQdOQUHqFNM,order_paid_clean,0,
payment,pay_NYrOblntdegw2j,payment_applied,order_CRCF5VQpBEo4O6,order_paid_clean,0,
payment,pay_M3RFYGbpcsAvvY,payment_applied,order_v1hTQD2ro05Aua,order_paid_clean,0,
payment,pay_DINirqLzIyqBY5,payment_applied,order_u8RAvQUtc7469e,duplicate_payment,0,
payment,pay_k2NZMwXwWvqbUF,exception_duplicate_payment,order_u8RAvQUtc7469e,duplicate_payment,0,second capture against an already-paid order
payment,pay_hi7HBWzYtiKWBO,payment_applied,order_cQimy4XZRDaCNF,order_paid_clean,0,
payment,pay_gZwUBOA3Xm1kwG,payment_applied,order_DVsqw0gy46orcW,order_paid_clean,0,
payment,pay_DV9F4OpOvc7eIw,payment_failed,order_DVsqw0gy46orcW,failed_then_captured,0,failed attempt; a later capture succeeded
payment,pay_2kp7qfjMgwGbk5,payment_applied,order_NuGHCEmIcRBwVU,order_paid_clean,0,
payment,pay_BQOPVyoOw8eBz2,payment_applied,order_oUbN5X2xrrTsDb,order_paid_clean,0,
payment,pay_ycZe6XJY38PXFH,payment_applied,order_QBkzZ6stCXFDPR,order_paid_clean,0,
payment,pay_WAf1kBxPxeRc4B,payment_applied,order_zfu5zpVyAx65NI,order_paid_clean,0,
payment,pay_AdhpDIlnU5E9AS,payment_refunded,order_VSy6jG8WeNDzlP,order_refunded,0,
payment,pay_zQKPwsX8X8rhie,payment_applied,order_Z4u5dqFlzumDv9,order_paid_clean,0,
payment,pay_eFwFYh0h2ksV7W,payment_applied,order_KpgHzEYyEAXNCm,order_paid_clean,0,
payment,pay_5EPvzNkyrg8Tae,payment_applied,order_GbqePgSfNJB6JC,order_paid_clean,0,
payment,pay_B8U58ZFQhGIlux,payment_applied,order_oxN5oki6bY0ZxI,order_paid_clean,0,
payment,pay_MvgBupkDRSPwud,payment_applied,order_wI91spxrkL7Dap,order_paid_clean,0,
payment,pay_HmygnT4G51Fq8p,payment_applied,order_FHVfq0KA2i0qkW,order_paid_clean,0,
payment,pay_CTENxJS5PGsoVH,payment_applied,order_PvgyDFmMVcuzKH,order_paid_clean,0,
payment,pay_Vx9BG3ugASVjXt,payment_applied,order_R5dwsDl5jzS07d,order_paid_clean,0,
payment,pay_OXwmej0tdDb7hl,payment_applied,order_ZxUm1IiorrBaEd,order_paid_clean,0,
payment,pay_g9aaAZItL5TeN7,payment_applied,order_OT827E4ZLV1yb6,order_paid_clean,0,
payment,pay_3q27zTzvw88GaW,payment_applied,order_07evsf0g8deUPP,order_paid_clean,0,
payment,pay_fzWn7ZDtN2XgBF,payment_applied,order_li9ZURyguLoYa1,order_paid_clean,0,
payment,pay_IGVmQu90RJYpkf,payment_applied,order_Sbl7X2nC3rXFlY,order_paid_clean,0,
payment,pay_7WNylPek1KmGFb,payment_applied,order_2SyXga4cSah21B,order_paid_clean,0,
payment,pay_xSk5BLDyik3OdA,payment_applied,order_S69gcpay2ghS2Z,order_paid_clean,0,
payment,pay_vsAkT2cJuG8lt2,payment_applied,order_7GpKemCPXObefo,order_paid_clean,0,
payment,pay_XvQQVUn3RvLtAw,payment_refunded,order_TbBfrRlze6CirK,order_refunded,0,
payment,pay_zc93oCp7rjkbSm,payment_applied,order_NdG0mjcPjmGPPc,order_paid_clean,0,
payment,pay_DpDw6dss72VhEE,payment_applied,order_lO0yUyVbpIP5M3,order_paid_clean,0,
payment,pay_nOLfE9EUGafJG1,payment_applied,order_e2KRC1YVvm0iLb,order_paid_clean,0,
payment,pay_7Y1b6TsV2U3XAV,payment_applied,order_QX2f4YxL5Aav1T,order_paid_clean,0,
payment,pay_h9o40COuJgDyDn,payment_applied,order_LIzFnRQ3SH3SN6,order_paid_clean,0,
payment,pay_Trp6NKFVnsLiAD,payment_applied,order_beRYDbig0sa0mB,order_paid_clean,0,
payment,pay_EVzNgArR4UQKPz,payment_applied,order_pdmFHbVeg8QOJT,order_paid_clean,0,
payment,pay_HeXTgCBvR0ngBH,payment_applied,order_PGNeAGzHo7tQiw,order_paid_clean,0,
payment,pay_trVtFjv91yXmQ1,payment_applied,order_uzfOUC0knwNRhW,order_paid_clean,0,
payment,pay_7ymtf0JrWH6Vnv,payment_applied,order_QiW5G25WGgp3Ay,order_paid_clean,0,
payment,pay_18itgJ6y5mNfNV,payment_applied,order_ZUem0FAYzQ0Ssy,order_paid_clean,0,
payment,pay_ECFKa5ij0ftt3E,payment_applied,order_LkOAuRVeyqJy1r,order_paid_clean,0,
payment,pay_MmyuWUmnc8p5pL,payment_applied,order_CEJuZu6QVXr5Gu,order_paid_clean,0,
payment,pay_d1yLti8aARgt5r,payment_applied,order_e60ed40BkPgh6g,order_paid_clean,0,
payment,pay_RcW9m5Knfn06jF,payment_applied,order_JLTIRkY5UCXvqu,order_paid_clean,0,
payment,pay_LIORvee8qVtDYp,payment_applied,order_3oNIGm8WoqDV63,order_paid_clean,0,
payment,pay_gK3lnaYLkqVRrj,payment_applied,order_8oVVpMONXVaSay,order_paid_clean,0,
payment,pay_7LS2Rd0MAFuyhu,payment_applied,order_pciaghHRT8pGf3,order_paid_clean,0,
payment,pay_3jaDLQXL5gv4HB,payment_refunded,order_65aLynMlteovLe,order_refunded,0,
payment,pay_HRy0soSOgovxho,payment_refunded,order_GKllQTjV8VclNk,order_refunded,0,
payment,pay_BjWlmkWS0nux0C,payment_applied,order_pPrTBCDBpK8dFs,order_paid_clean,0,
payment,pay_QhF6OMqE49dWEp,payment_applied,order_1vNRByLU3I3zzd,order_paid_clean,0,
payment,pay_vK5LzFGg2AGLXn,payment_applied,order_AuITVN5vzxihLt,order_paid_clean,0,
payment,pay_sg86L2n7iCuAvM,payment_applied,order_vXTcgrPzYRCt0g,order_paid_clean,0,
payment,pay_zMHI18EjjQO1lq,payment_applied,order_xd0HzC7C8x1LXU,order_paid_clean,0,
payment,pay_DmM1NI8YRt4AuF,payment_applied,order_iIuMOq5LqpQBDP,order_paid_clean,0,
payment,pay_IaQg5RSzsVEjAv,payment_applied,order_1KgxdhXpPK2CwK,order_paid_clean,0,
payment,pay_PKDnAs9lo5vWxw,payment_applied,order_OG85jh5FmblvcS,order_paid_clean,0,
payment,pay_LjfGVOW36BakoY,payment_applied,order_Vlf2Ihl5hglpxE,order_paid_clean,0,
payment,pay_A9VycIpBdAKED6,payment_applied,order_SuY9Gb9FyHfIMi,order_paid_clean,0,
payment,pay_mjML8LouLJOLvT,payment_applied,order_mVoPcsNr6CUD8B,order_paid_clean,0,
payment,pay_9yhGHzwpf8Bzz2,payment_applied,order_4JdjXcdsxrgf1l,order_paid_clean,0,
payment,pay_ZaKVeoaHFM6aHO,payment_applied,order_5WQeCI0ytHWE67,order_paid_clean,0,
payment,pay_lw7RtVmNJCmmXH,payment_applied,order_S6bxesl8fUjL1Q,order_paid_clean,0,
payment,pay_QRnNlN856N4kfX,payment_applied,order_9Q8v4pYyRXgp2K,order_paid_clean,0,
payment,pay_9JpMbQIviFX4pE,payment_applied,order_gg42iEpMfU1ym9,order_paid_clean,0,
payment,pay_Yndt2mt8JE08ZH,payment_applied,order_uc3Y051ZDDN89Y,order_paid_clean,0,
payment,pay_JWsvue1jhRsJh8,payment_applied,order_LWVZmRrKL4Rrqo,order_paid_clean,0,
payment,pay_LlzvxL4uxmcJgi,payment_applied,order_PhbZIapIS11wWR,order_paid_clean,0,
payment,pay_LOogoBiOtt9WNY,payment_applied,order_DafszWrfhsiOte,order_paid_clean,0,
payment,pay_n4AXNTGajjX7n4,payment_applied,order_goiU9Iibnu05kD,order_paid_clean,0,
payment,pay_6MTf1osUJxufbO,payment_applied,order_7062Y8u6ZaligO,order_paid_clean,0,
payment,pay_1vGo9DgKMBRdPr,payment_applied,order_Ldb92iJxwu1YYW,order_paid_clean,0,
payment,pay_TiGQZ73tDzlHkP,payment_applied,order_NdZKlITVW3ymyK,order_paid_clean,0,
payment,pay_JrZXOirK1Q9U4p,payment_applied,order_o1Quwa5132NBAG,order_paid_clean,0,
payment,pay_hlxHpHnH3e7Bzw,payment_applied,order_mwjZRc1UYqLqcD,order_paid_clean,0,
payment,pay_OGqIoIjoDiLLdG,payment_failed,order_mwjZRc1UYqLqcD,failed_then_captured,0,failed attempt; a later capture succeeded
payment,pay_hnfSg6njr02vri,payment_applied,order_lj3ekzVZleuIDC,order_paid_clean,0,
payment,pay_yOmEHeYF0Meoy5,payment_applied,order_5fTV12a0g1N1mr,order_paid_clean,0,
payment,pay_SI4uMKyYcn0qJj,payment_applied,order_EFVZR3E4NoHw9f,order_paid_clean,0,
payment,pay_hTY8v9MdcBVsgE,exception_amount_mismatch,order_WfBOxAEbtxLHFY,amount_mismatch,0,captured amount differs from order amount
payment,pay_10tFNrcTMcUorC,payment_applied,order_qK7HxdR5rW2XkO,order_paid_clean,0,
payment,pay_8ecgV7elFB5Nc1,payment_applied,order_wt4zjqoopTHDYn,order_paid_clean,0,
payment,pay_SJEtN5WmTtERLO,payment_applied,order_9Ds7HzaJ1zRqj3,order_paid_clean,0,
payment,pay_ocw3fm5TZUoKI5,payment_applied,order_AX0DfwgU3Pkcqt,order_paid_clean,0,
payment,pay_u5PBWzfHm1HwaO,payment_applied,order_bnx3O3sdOgcY1b,order_paid_clean,0,
payment,pay_li4bEAN8MmVinb,payment_applied,order_WR23S2OdW69qyD,order_paid_clean,0,
payment,pay_uqMpcUFoJlAjoV,payment_applied,order_VJgfTQI4FRVTgk,order_paid_clean,0,
payment,pay_JOAioujMEQi48K,payment_applied,order_23GuTVMpD1kTVN,order_paid_clean,0,
payment,pay_Q6shUpmDy9KoFk,payment_applied,order_OTj84gVc65uoXu,order_paid_clean,0,
payment,pay_5QgCD8sAVY8oVe,payment_failed,order_OTj84gVc65uoXu,failed_then_captured,0,failed attempt; a later capture succeeded
payment,pay_QOCqg63H4IkSHc,payment_applied,order_rTbpjq15KFPNXA,order_paid_clean,0,
payment,pay_vUiRjrIIVIo36A,payment_applied,order_7RITelkc5pF4k4,order_paid_clean,0,
payment,pay_AB1PmKezaLiwsd,payment_applied,order_eVVtGgitFPE1pi,order_paid_clean,0,
payment,pay_QPLq8OC4RmFI35,payment_applied,order_61qIWl4Vor1FPw,order_paid_clean,0,
payment,pay_Dssz9mw383O09f,payment_applied,order_t4tiKMlZGgnNZs,order_paid_clean,0,
payment,pay_UcLgZTSXsfsoRh,payment_applied,order_60ilWgBJ3s8l6A,order_paid_clean,0,
payment,pay_Mnr4oK2Ynjdtn0,payment_applied,order_FjbHBBOoae80WM,order_paid_clean,0,
payment,pay_8DCL15tEwk2q42,payment_applied,order_qdcO0bCUqhMlgh,order_paid_clean,0,
payment,pay_PrqZFyyRPaHHBy,payment_applied,order_gEQ4FyZzOj2vXk,order_paid_clean,0,
payment,pay_TlqkQ6xzLUCXfq,payment_applied,order_EZ1MuWMZY9Krdn,order_paid_clean,0,
payment,pay_PRxWKOsDUf1Qoy,payment_applied,order_NTiTwpIRmGODqR,order_paid_clean,0,
payment,pay_QiteUpIDhXNyyL,payment_applied,order_lreMUGD5X6iEoe,order_paid_clean,0,
payment,pay_qfbczwAD2bhCtM,payment_applied,order_MDn5cu51jDV5PT,order_paid_clean,0,
payment,pay_mHTM8xwjtMtWEU,payment_applied,order_uxkXPMM6F2GYtB,order_paid_clean,0,
payment,pay_nV8rgUEMvc2QoX,payment_applied,order_UnncJbd3J03LjU,order_paid_clean,0,
payment,pay_cZx5PR9yzJTesJ,payment_applied,order_qWQkYbXhqWhz93,order_paid_clean,0,
payment,pay_jlBVng0rQgzgZm,payment_failed,order_qWQkYbXhqWhz93,failed_then_captured,0,failed attempt; a later capture succeeded
payment,pay_GyPF0GdryUS8WC,payment_applied,order_fxfmHeOBXYnEfQ,order_paid_clean,0,
payment,pay_aMSWcTAjaRlxbW,payment_applied,order_7Xfic7BtSt6uGT,order_paid_clean,0,
payment,pay_wDTOpbbTivdngl,payment_applied,order_sQ8HzALkjU5trn,order_paid_clean,0,
payment,pay_FfdDeppb5UFxr2,payment_applied,order_yfTwjOpKn4iGmW,order_paid_clean,0,
payment,pay_zjKCjSltxoB9U5,payment_applied,order_LZJdpzSoC9le8B,order_paid_clean,0,
payment,pay_HAbvBiYzVPaKMi,payment_applied,order_HU58kxeA5OA9Iz,order_paid_clean,0,
payment,pay_l62jOF2LZTlQF9,payment_applied,order_8oT79fhSXtDeNV,order_paid_clean,0,
payment,pay_zcys6kO2cQE3lK,payment_applied,order_QeskwuTyisP6sQ,order_paid_clean,0,
payment,pay_S7H5FQDPVKdNK1,payment_applied,order_sMil2GDoWPue4P,order_paid_clean,0,
payment,pay_s8FZVpyxfIRfmS,payment_applied,order_os11MWYOSwtRNc,order_paid_clean,0,
payment,pay_YIqSyF0240ozbA,payment_applied,order_dTcLrHwSIWQK34,duplicate_payment,0,
payment,pay_mNu7uhbqoty1ra,exception_duplicate_payment,order_dTcLrHwSIWQK34,duplicate_payment,0,second capture against an already-paid order
payment,pay_zbwrqp4JO0kqzZ,payment_applied,order_JXSwE7pKm78CfF,order_paid_clean,0,
payment,pay_PjIGY69SXasrT8,payment_failed,order_JXSwE7pKm78CfF,failed_then_captured,0,failed attempt; a later capture succeeded
payment,pay_CJpozK0Ab57BZa,payment_applied,order_9iEA7hpEbOxzkg,order_paid_clean,0,
payment,pay_7UvRIP64PnnGvu,payment_applied,order_6ymtFAfv2SJCfy,order_paid_clean,0,
payment,pay_3y2kjHT1C4ZjMK,payment_applied,order_WkREX4CXOoblRF,order_paid_clean,0,
payment,pay_0QVwrL7mXH0BDH,payment_applied,order_cc9ehxgp7y8OAA,order_paid_clean,0,
payment,pay_fpYal02Nk2kHx7,payment_applied,order_GEgQPrCf0LM3Qi,order_paid_clean,0,
payment,pay_vrtIwpAxxt547x,payment_applied,order_TIWj6xSbsC3OkY,order_paid_clean,0,
payment,pay_i4ximN49FbQ3IP,payment_applied,order_yKEiD7BdQCbhoe,order_paid_clean,0,
payment,pay_3iWUY15YfxpOBq,payment_applied,order_dXVa1KOnVrTMrS,order_paid_clean,0,
payment,pay_Di60Nz47TGEj2j,payment_applied,order_RKozVNtOgp6QP2,order_paid_clean,0,
payment,pay_rEkRUzT9csZrUq,payment_applied,order_cIuIwll1nv10EB,order_paid_clean,0,
payment,pay_pxY9YeGOVsdsOw,payment_applied,order_S2lAXYfy5YuRsw,order_paid_clean,0,
payment,pay_YLLbtSKdnqg3xD,payment_applied,order_uOeyPDvkc52Gzw,order_paid_clean,0,
payment,pay_ASiYmssSc2UFoy,payment_applied,order_HGOK4PJs7s3WPt,order_paid_clean,0,
payment,pay_WvZdj7ez07nFyT,payment_applied,order_kBUMxiuQ9eJtz6,order_paid_clean,0,
payment,pay_50PwJTZBEGUck7,payment_applied,order_uvxWIxkRffkFqt,order_paid_clean,0,
payment,pay_6b9141fCctrNtd,payment_applied,order_H7cwpUpxjCOpMH,order_paid_clean,0,
payment,pay_KCUmslpmNSwgA0,payment_applied,order_KvXjHLIQrT1mPw,order_paid_clean,0,
payment,pay_Vb2cMFkbCnE1FX,payment_applied,order_cj2k7tQBMlAoqL,order_paid_clean,0,
payment,pay_FgDl9m3by0fi7t,payment_applied,order_q15cTCcyo3LA29,order_paid_clean,0,
payment,pay_OCYjxIurQNp9Yb,payment_applied,order_h7qUcUWRxwXABs,order_paid_clean,0,
payment,pay_TTCEMva6imY9Af,payment_applied,order_ub6jNz6PQyM3Yq,order_paid_clean,0,
payment,pay_vQXKiWijudgksT,payment_applied,order_kon0WljfrCY1jL,order_paid_clean,0,
payment,pay_yMrrx5RNvwziY8,payment_applied,order_c14pLHve44EG55,order_paid_clean,0,
payment,pay_h6LYjAoUwSDw0k,payment_applied,order_A6QF74syXfpqt0,order_paid_clean,0,
payment,pay_ndzoI6dCGc5Juv,payment_applied,order_662UHC76em312j,order_paid_clean,0,
payment,pay_dIoXKBXbK8dPIs,payment_applied,order_Sr7SB1UDyJXtEJ,order_paid_clean,0,
payment,pay_9Oy5srnJzUO4Ph,payment_applied,order_rvWHNo2CRq6pOI,order_paid_clean,0,
payment,pay_8GZLDAI50tSrhF,payment_failed,order_rvWHNo2CRq6pOI,failed_then_captured,0,failed attempt; a later capture succeeded
payment,pay_a8joStmP0vTfae,payment_applied,order_5V71Cvmr8oqVv8,order_paid_clean,0,
payment,pay_frlLeQOHLCHQBf,payment_applied,order_bNbDVI5gO0ZMD5,order_paid_clean,0,
payment,pay_bU7jO3pvUizM85,payment_applied,order_L0avCq1jPGz1cG,order_paid_clean,0,
payment,pay_wOqvuZt2nvXKat,payment_applied,order_a6efm6ETdQ8O6h,order_paid_clean,0,
payment,pay_XnQj2FNS2d2Rbe,payment_applied,order_9oH59UAAqXtsIo,order_paid_clean,0,
payment,pay_JWA2u2LPF3BQf0,payment_applied,order_4Z1xjraiPL5Zuw,order_paid_clean,0,
payment,pay_ZZZWI6QAkA7baU,payment_applied,order_JSG1Io2MH516Hu,order_paid_clean,0,
payment,pay_WgutmPtqOaviu1,payment_applied,order_gg0vVmhDzkdR7m,order_paid_clean,0,
payment,pay_CKFLp0QFVwT8Kd,payment_applied,order_LBl0ZozTSXbsGf,order_paid_clean,0,
payment,pay_zesTpgOIjNhdsI,payment_applied,order_iWv36EVuCna5Ox,order_paid_clean,0,
payment,pay_ZdDVxvuE8FBgGA,payment_applied,order_UJ9uPQU5OgcH7j,order_paid_clean,0,
payment,pay_5w8xEXZZpElyVm,payment_applied,order_5tfNWPsqdo6Kag,order_paid_clean,0,
payment,pay_TL98b7zmwivXhZ,payment_applied,order_uNr5DQ8HUQACM4,order_paid_clean,0,
payment,pay_wOz57Wu7XisYyz,payment_applied,order_tgc0Lk8Nm0dhb7,order_paid_clean,0,
payment,pay_19JOrtB0PwK7TD,payment_applied,order_VtaXEdKAWuuCqz,order_paid_clean,0,
payment,pay_WrfGINxAa6iTRn,payment_applied,order_8nQ8zULyObQbq2,order_paid_clean,0,
payment,pay_LwvBY4Y7STa3lY,payment_applied,order_nkLj8he7uatQPU,order_paid_clean,0,
payment,pay_dxKAMJHbO40KNZ,payment_applied,order_6nzpEbEAyfrziv,order_paid_clean,0,
payment,pay_uiH2q7CeBEBLno,payment_applied,order_07O4igqp4Nqqsa,order_paid_clean,0,
payment,pay_6WCg3IknPoymmq,payment_applied,order_ezE3Hci0KlWV7T,order_paid_clean,0,
payment,pay_nhtc4cbB3WBayn,payment_applied,order_EvtcNLjpJrSmww,order_paid_clean,0,
payment,pay_tAKHmbpuwE5650,payment_applied,order_d5gzeedgGBFroP,order_paid_clean,0,
payment,pay_CjcSv0zZv3oHrM,payment_applied,order_nSuSwxrsktZhF2,order_paid_clean,0,
payment,pay_arzrw1xSVGrJOm,payment_applied,order_bu6ZoBKVVulYOx,order_paid_clean,0,
payment,pay_tyHelSVzoXrLTT,payment_applied,order_2h96WfVi2sQZuY,order_paid_clean,0,
payment,pay_Ru1z8YIdv6dTCV,payment_applied,order_5HZcfE3v5CiLim,order_paid_clean,0,
payment,pay_8rVhulC6LOOR4C,payment_applied,order_G7gBtYUQFrvLES,order_paid_clean,0,
payment,pay_CmwVkXXyBMS1aQ,payment_applied,order_aBKblFPzeAVrl1,order_paid_clean,0,
payment,pay_x7dLglHKqcA37O,exception_amount_mismatch,order_KngX2rJ3EuqrJH,amount_mismatch,0,captured amount differs from order amount
payment,pay_mfVACgX2iL6NTi,payment_applied,order_1QeKskkuHKNUgO,order_paid_clean,0,
payment,pay_t0nbXURCwboebZ,payment_applied,order_2IgcXFxTfEwOvk,order_paid_clean,0,
payment,pay_WAz1lHgVmPZgiF,payment_applied,order_Kwos2m7TxM0OMN,order_paid_clean,0,
payment,pay_nj3XnHIbbcqQ8S,payment_applied,order_4oAhGvqvXkduJH,order_paid_clean,0,
payment,pay_8JHd5DHm9hakMS,payment_applied,order_ylFOv9tkz9BI49,order_paid_clean,0,
payment,pay_LdWeCpu3qg7f4i,payment_applied,order_V0z6mZ1OLXHDw5,order_paid_clean,0,
payment,pay_TWmJcVeQALMMRs,payment_applied,order_6jXnzPQ5q88GVP,order_paid_clean,0,
payment,pay_PGfMInCjQYBTUR,payment_applied,order_bVvKUbpqozJBcG,order_paid_clean,0,
payment,pay_JqIMPPJwxeyqGC,payment_applied,order_5ZjDSBWLwvi3V1,order_paid_clean,0,
payment,pay_6xYfhX3Qh1tErp,payment_applied,order_DpH7vno409w6D9,order_paid_clean,0,
payment,pay_NBvQGx7SRI7LNL,payment_refunded,order_0KIPBCnMlMWcM2,order_refunded,0,
payment,pay_iaBdZU80Qo7OrT,payment_applied,order_k87yCHPXB86PJO,order_paid_clean,0,
payment,pay_2zSKYnzRlsqnpl,payment_applied,order_Np2AkddRariOcx,order_paid_clean,0,
payment,pay_1tMNcQllJTbynh,payment_failed,order_Np2AkddRariOcx,failed_then_captured,0,failed attempt; a later capture succeeded
payment,pay_1ZdX7yzXjROAJV,payment_applied,order_i3ezjV2e1Fpn8g,order_paid_clean,0,
payment,pay_So3DxpHwr0y0O5,payment_applied,order_AekcXSDn6ZBGQy,order_paid_clean,0,
payment,pay_Z8MWLRxgUoPeYZ,payment_applied,order_LfsG11XCXatnn7,order_paid_clean,0,
payment,pay_aR6R5GqQrbrQx9,payment_applied,order_z75bYK2e67O9Z3,order_paid_clean,0,
payment,pay_OMB6Fe0l3bUqCa,payment_applied,order_AIvBHXPTvFEAX6,order_paid_clean,0,
payment,pay_lEleDLi0ofCBQC,payment_applied,order_AOzO8u6m8GAwOs,order_paid_clean,0,
payment,pay_U5tALWLSues84v,payment_applied,order_MCiEOvA2NrCWAw,order_paid_clean,0,
payment,pay_yWfJpLnNpuU2c0,payment_failed,order_MCiEOvA2NrCWAw,failed_then_captured,0,failed attempt; a later capture succeeded
payment,pay_QbgGwtiDGn6EBW,payment_applied,order_w0wQAYaB7FKwF5,order_paid_clean,0,
payment,pay_xrlaVdsn3liFJ5,payment_applied,order_r0jQ09km4Qkzda,order_paid_clean,0,
payment,pay_8z00N3WzAeS14E,payment_refunded,order_gUFI83guAdZlhl,order_refunded,0,
payment,pay_xyQ2ClfdlxBpMb,payment_applied,order_KDcMtkSV5KVpf1,order_paid_clean,0,
payment,pay_rJb9slhAEaq1c3,payment_applied,order_DrA9uHv0YWegJw,order_paid_clean,0,
payment,pay_DPm9lleKajStV3,payment_applied,order_hi0bHEvI2D7ZZw,order_paid_clean,0,
payment,pay_x8YrXgbPUOAYi7,payment_applied,order_4gDXe03hpVpxys,order_paid_clean,0,
payment,pay_HggK45lCae6cu6,payment_failed,order_4gDXe03hpVpxys,failed_then_captured,0,failed attempt; a later capture succeeded
payment,pay_w9dYjvYCTs340V,payment_applied,order_xkbYJDlRrL1NOl,order_paid_clean,0,
payment,pay_2ZerC4xsiPgQjK,payment_applied,order_HhlKpIOywKPSku,order_paid_clean,0,
payment,pay_VIOcgGnjzOpa0t,payment_applied,order_Au3KX36bqJu172,order_paid_clean,0,
payment,pay_Xz3t6auLn2Zvxi,payment_applied,order_MlzBNlfmEHVTjx,order_paid_clean,0,
payment,pay_RCcn7mnNLm41S7,payment_applied,order_GPogeFSG75GHX3,order_paid_clean,0,
payment,pay_Jxt2dOL7qJ9nWS,payment_applied,order_AnSW9sMY1wruif,order_paid_clean,0,
payment,pay_fceL1QlwclIZHd,payment_failed,order_AnSW9sMY1wruif,failed_then_captured,0,failed attempt; a later capture succeeded
payment,pay_IKWVSr7gjzGH5o,payment_applied,order_ku5zetewsAuIEo,order_paid_clean,0,
payment,pay_rVCitPqnDMsVIz,payment_applied,order_WvECQLZE4lFbc3,order_paid_clean,0,
payment,pay_sFu99TbGoXUdeC,payment_failed,order_WvECQLZE4lFbc3,failed_then_captured,0,failed attempt; a later capture succeeded
payment,pay_9dz554W7aZFMfA,payment_applied,order_HopFe474IIhkXd,order_paid_clean,0,
payment,pay_zxrd09jKqXJvkD,payment_applied,order_WethxaatGoNi6Z,order_paid_clean,0,
payment,pay_0UuW8X4NlgGVoB,payment_applied,order_C9eO2YyE23nXsM,order_paid_clean,0,
payment,pay_hupAWq8py9kAI8,payment_applied,order_AIFtK1BUPe2DrY,order_paid_clean,0,
payment,pay_OKDkgcFuPGeFca,payment_applied,order_va0QYK8Iv7X0L9,order_paid_clean,0,
payment,pay_yoTEXsLCIYEx7U,payment_applied,order_pQH5XahAl0X45g,order_paid_clean,0,
payment,pay_UuCUGoDJUAJeAx,payment_applied,order_sszHdeMEfCRORP,order_paid_clean,0,
payment,pay_FlFG6k5NKJepow,payment_applied,order_RqdbD7T0LR2kv4,order_paid_clean,0,
payment,pay_UJmL0xljapCMVL,payment_applied,order_wtQVe9TYYJnJ4v,order_paid_clean,0,
payment,pay_1s8LYDhbBEWXv8,payment_applied,order_idVo1aTeHUUF25,order_paid_clean,0,
payment,pay_TyVmopR9i4BWQB,payment_applied,order_GH6z0PwMofDf8U,order_paid_clean,0,
payment,pay_Lab4LO86v9ROMY,payment_applied,order_WtNH7h7w6ZZPMs,order_paid_clean,0,
payment,pay_EIyduVFpjGfeC1,payment_applied,order_6uGVp4HVflslry,order_paid_clean,0,
payment,pay_dTILXnl3qNsVhc,payment_applied,order_qmslfes6THHkd1,order_paid_clean,0,
payment,pay_ldijXlIcE1ucOU,payment_applied,order_xzfrEL5ELHFplR,order_paid_clean,0,
payment,pay_W8EAEeIb5Aue1p,payment_refunded,order_nEKBDggj2eF6OL,order_refunded,0,
payment,pay_wdlEnxuiPJCYdn,payment_applied,order_XnhMn1LFjzH5k7,order_paid_clean,0,
payment,pay_9lWVnkJIthnu2x,payment_applied,order_2ZPOZ1OSPPnfbO,order_paid_clean,0,
payment,pay_clm4ica0Er2Sy1,payment_applied,order_r1p99z2FWJad9R,order_paid_clean,0,
payment,pay_ZabtH8DIrzxi1S,payment_applied,order_lpECTK7jVdtID7,order_paid_clean,0,
payment,pay_mT9KRAYJ2JhL6f,payment_applied,order_KCWutnoP7UuYcT,order_paid_clean,0,
payment,pay_60ZcjfmFyme426,payment_applied,order_UshU2ax069XxVd,order_paid_clean,0,
payment,pay_SzBtIcoUJjDqe4,payment_applied,order_BGPIghlfX83b5z,order_paid_clean,0,
payment,pay_eaEBrDo6uiQIin,payment_applied,order_DNtjj5AgDKlKXh,order_paid_clean,0,
payment,pay_7SOhWnsM4U1nY6,payment_applied,order_yJe3izWGmmBuGe,order_paid_clean,0,
payment,pay_8FjKDnyZOcN26R,payment_applied,order_tCFK57NCmgui2V,order_paid_clean,0,
payment,pay_QWGU3yjeSduRCp,payment_applied,order_yTCn3h7OQrVx4h,order_paid_clean,0,
payment,pay_5guV0VMHi3X065,payment_applied,order_XSLnk9BRa0mPlA,order_paid_clean,0,
payment,pay_dLEKaLvY6Hzn3i,payment_applied,order_uB4UktktzuhqNb,order_paid_clean,0,
payment,pay_IBsCy6fJuZCG86,payment_applied,order_QfogVjn3I9gwe2,order_paid_clean,0,
payment,pay_ToEJ5tjLoDb9MA,payment_applied,order_ZCaG8Os1SCZwXP,order_paid_clean,0,
payment,pay_4GZqRHCt5MlfND,payment_applied,order_axeWoq69Kffs6J,order_paid_clean,0,
payment,pay_5dkp6eRE507wU8,payment_applied,order_MxuIKy0amrPCZG,order_paid_clean,0,
payment,pay_sHENSUyJS5BaLp,payment_applied,order_NdXJfHizGXLv67,order_paid_clean,0,
payment,pay_3XGoIXwBYqMDG0,payment_applied,order_vSB1yi8xtIVwpP,order_paid_clean,0,
payment,pay_kc3jjjtxk0aMtL,payment_applied,order_7lIauXsx4isxUs,order_paid_clean,0,
payment,pay_sT8XpAVKsmKBic,payment_applied,order_0sejC4RpHlqQGB,order_paid_clean,0,
payment,pay_SJUx59YKOp1jVT,payment_failed,order_0sejC4RpHlqQGB,failed_then_captured,0,failed attempt; a later capture succeeded
payment,pay_ykaB3DN7IljCpL,payment_applied,order_oWGLWqluiBXOyt,order_paid_clean,0,
payment,pay_dEPseeFzxiGoeF,payment_applied,order_Fhc8CCShsW4P5k,order_paid_clean,0,
payment,pay_4EljbWZatGCoAO,payment_applied,order_aCM0Xv4rOAVZf3,order_paid_clean,0,
payment,pay_aQPgtBqzN0ju01,payment_applied,order_kescSniIQ3tinb,order_paid_clean,0,
payment,pay_bmR7JgHETINoWx,payment_applied,order_MX1pK6uYMTZc9B,duplicate_payment,0,
payment,pay_lB50jFRVXFXdAT,exception_duplicate_payment,order_MX1pK6uYMTZc9B,duplicate_payment,0,second capture against an already-paid order
payment,pay_aKOHVpPxaPr4Hj,payment_applied,order_xIsAS0axXqUsaT,order_paid_clean,0,
payment,pay_bSQlLAmnhEbsnu,payment_applied,order_ITZ9MQgg2SE73m,order_paid_clean,0,
payment,pay_FX3uHQN72xAQWX,payment_applied,order_RhO87xPrUNu03t,order_paid_clean,0,
payment,pay_lD8jhEpq71XjEJ,payment_applied,order_kI4Bsxe4s78NkR,order_paid_clean,0,
payment,pay_6mdxvLTzxVG452,payment_applied,order_ZtYS8sUoRQdAJ2,order_paid_clean,0,
payment,pay_SJPkR26kAP2kdW,payment_applied,order_qeY6Z7UX4kPhvo,order_paid_clean,0,
payment,pay_jNRsrZjDfLswtq,payment_applied,order_IOJr7SmbP9fLzs,order_paid_clean,0,
payment,pay_1dKMbtc5rTaDm6,payment_applied,order_lMky6jpjjXD5C8,order_paid_clean,0,
payment,pay_B8ThR3vUrTEnYc,payment_applied,order_h3CyFiAeIpRqGT,order_paid_clean,0,
payment,pay_fKPnAN38Kit1VI,payment_applied,order_zAPbVwI5HIeezP,order_paid_clean,0,
payment,pay_RExG1QPRXyEKio,payment_applied,order_lAYE4T2J3mAxak,order_paid_clean,0,
payment,pay_svopHudJt6Ng0O,payment_applied,order_cYJ1HtqvYuQyVj,order_paid_clean,0,
payment,pay_l7EiLgEzgfDYmF,payment_applied,order_KxnEsSdiiCoSQj,order_paid_clean,0,
payment,pay_5UVncUCBWaAA0i,payment_applied,order_muIspAlvJbV0iH,order_paid_clean,0,
payment,pay_KghLlFNTqmCF39,payment_applied,order_ftx9zCL2cfxX4E,order_paid_clean,0,
payment,pay_HQbMEu4B8RDLWR,payment_applied,order_3gXyr3gpe1FCuk,order_paid_clean,0,
payment,pay_FTNof2AkogcOoL,payment_applied,order_IYrqDZvs9iGhYb,order_paid_clean,0,
payment,pay_QHDRtI0oMlbSvd,payment_applied,order_46pTgaHt2IPkfZ,order_paid_clean,0,
payment,pay_1KqqI3IcbMjeGi,payment_applied,order_3YnvEOujVooHae,duplicate_payment,0,
payment,pay_bMFWcPort02qnZ,exception_duplicate_payment,order_3YnvEOujVooHae,duplicate_payment,0,second capture against an already-paid order
payment,pay_N9FCcFxAFagUJD,payment_applied,order_9okrxwlmhfZdQj,order_paid_clean,0,
payment,pay_TLlTIoDFiqJdVH,payment_applied,order_iqOdvFianEKDew,order_paid_clean,0,
payment,pay_EKEO7M03V77PRq,payment_applied,order_ILIRE94gFkCzSh,order_paid_clean,0,
payment,pay_fI0hBIsFLaXxVo,payment_applied,order_jqdrMwpfZHAtSW,order_paid_clean,0,
payment,pay_N5q7HymaT8hSjV,payment_applied,order_VSczngADvqttXN,order_paid_clean,0,
payment,pay_tJ17QT7dOj0Js2,payment_applied,order_fk7yVLy0DiiBwP,order_paid_clean,0,
payment,pay_dJRj3F2cyxBqy9,payment_failed,order_fk7yVLy0DiiBwP,failed_then_captured,0,failed attempt; a later capture succeeded
payment,pay_VCOiSp0snd0gvI,payment_applied,order_CFYLQ2AX3nCA0B,order_paid_clean,0,
payment,pay_QZAk9QWirzo1Lm,payment_failed,order_CFYLQ2AX3nCA0B,failed_then_captured,0,failed attempt; a later capture succeeded
payment,pay_9rHpHMOllGw9bI,payment_applied,order_kceLlLxZYy5fSJ,order_paid_clean,0,
payment,pay_OY72STAa4W57Sz,payment_applied,order_3jHwgSwDEC2GGx,order_paid_clean,0,
payment,pay_DKuBXAM7jQvdHQ,payment_applied,order_gSp1dxpWP7XYc6,order_paid_clean,0,
payment,pay_6zUUA7W8oIEhaX,payment_applied,order_mJypj6RNm7BXfe,order_paid_clean,0,
payment,pay_VmepvNjwoxclaR,payment_applied,order_bFIb2ZN1CLyX8G,order_paid_clean,0,
payment,pay_43QO2S4u0nMrma,payment_applied,order_TLCopSdGe340iM,order_paid_clean,0,
payment,pay_ZC70KmMreHpKiQ,payment_applied,order_7gyPbHi0Qdr38L,order_paid_clean,0,
payment,pay_q4IA5XAITpqfQr,payment_applied,order_0I1DsvFiDe8JRR,duplicate_payment,0,
payment,pay_qg09n6qv3el1IF,exception_duplicate_payment,order_0I1DsvFiDe8JRR,duplicate_payment,0,second capture against an already-paid order
payment,pay_tTSrb7gu9SH9Je,payment_applied,order_9037u0IgWD8nAj,order_paid_clean,0,
payment,pay_kvkPnEaL1R14Ev,payment_applied,order_E2ukfMn21ulMYF,order_paid_clean,0,
payment,pay_EmReB1OOMdHdmR,payment_applied,order_ndPKt6XvUljYfV,order_paid_clean,0,
payment,pay_jYuWD0me2gRs2g,payment_failed,order_ndPKt6XvUljYfV,failed_then_captured,0,failed attempt; a later capture succeeded
payment,pay_DCISd4RFTQTSPc,payment_applied,order_hBYcrXW3gVq8yC,order_paid_clean,0,
payment,pay_TzE7QYgr1tSX1v,payment_applied,order_7j4D4SF8RklozB,order_paid_clean,0,
payment,pay_sjGL6wV2WcR0Jk,payment_applied,order_kwZVtFnNxPTyms,order_paid_clean,0,
payment,pay_xxNUaCcuAwlxBn,payment_applied,order_BKfMmzCGOC7ckh,order_paid_clean,0,
payment,pay_kk2VAMmeVmsPAF,payment_applied,order_U8vCxes7T2BzhI,order_paid_clean,0,
payment,pay_Ml4YjhWf3osFoF,payment_applied,order_8ybfPAaghnE170,order_paid_clean,0,
payment,pay_qzrARvU71SNmfp,payment_applied,order_gyMVg6kd2hbX4d,order_paid_clean,0,
payment,pay_771HcM0d2H4pmp,payment_applied,order_JHJEH4arlXCIvf,order_paid_clean,0,
payment,pay_CsA0VQ3XgYwM2c,payment_applied,order_KE2j2ZepZXgnQa,order_paid_clean,0,
payment,pay_nHpR03WVvlLmCu,payment_applied,order_VMdYL0yKqsO5aE,order_paid_clean,0,
payment,pay_NiUQ5t4KNjnCzp,payment_applied,order_MEwFVAnqtPok23,order_paid_clean,0,
payment,pay_Ncbhitq3CCuZ0G,payment_applied,order_CQPzmbsJsAngTp,order_paid_clean,0,
payment,pay_Rj3iKkSfbWU7Uw,payment_applied,order_sEj8PxokU0asBM,order_paid_clean,0,
payment,pay_AIyzcg0KNKGXyh,payment_applied,order_nzGlCdc8geSKvc,order_paid_clean,0,
payment,pay_zacMNwNj1xX1D1,payment_applied,order_4DPBBMPuBw0qVE,order_paid_clean,0,
payment,pay_JYF8n2hTIOdA2K,payment_applied,order_Q73PQbcTMEIfI6,order_paid_clean,0,
payment,pay_hDu13lmgba7Q8D,payment_applied,order_0vXdjgC7vUvx82,order_paid_clean,0,
payment,pay_5wqpsONpzCfEKW,payment_failed,order_0vXdjgC7vUvx82,failed_then_captured,0,failed attempt; a later capture succeeded
payment,pay_hTEVaGzBj3jP6Z,payment_applied,order_B5AbQsPLykrAJs,order_paid_clean,0,
payment,pay_eHLlOUwTwjUvsF,payment_failed,order_B5AbQsPLykrAJs,failed_then_captured,0,failed attempt; a later capture succeeded
payment,pay_yQWH13Z9vF9E0t,payment_applied,order_yDCLv1ubyVWOxD,order_paid_clean,0,
payment,pay_xr2ob72L0AbQ5V,payment_applied,order_LNRYFMgyPIYapc,order_paid_clean,0,
payment,pay_sPFDAk8zBXc6Cf,payment_applied,order_pCCrMEAOJNdQV6,order_paid_clean,0,
payment,pay_LocPl9zdgLi6mt,payment_applied,order_RJqM53Pcx5Z5IM,order_paid_clean,0,
payment,pay_zCtVqCgrwiTpFD,payment_applied,order_OpCuUv0IDyJwHI,order_paid_clean,0,
payment,pay_AXkWZKxWq3kKPV,payment_applied,order_aFaeJYm7gs65Q7,order_paid_clean,0,
payment,pay_AgSEtc7o5G5wIf,payment_applied,order_cLp9WAtgyz5J98,order_paid_clean,0,
payment,pay_0HEvvXWhhsemvH,payment_failed,order_cLp9WAtgyz5J98,failed_then_captured,0,failed attempt; a later capture succeeded
payment,pay_dvQUcLTDPCWmSQ,payment_applied,order_KyqOankcJbnQ3g,order_paid_clean,0,
payment,pay_WGq28qQo0mXtPd,payment_applied,order_afmhDQD2kxuDWd,order_paid_clean,0,
payment,pay_Wg3OnQ0ctiGUUp,payment_applied,order_72G82kp6iyvreR,order_paid_clean,0,
payment,pay_N6kQAxFerez4tb,payment_applied,order_omucIVB3UpaKdN,order_paid_clean,0,
payment,pay_14k9O7RoYpk7qE,payment_applied,order_AkFuuwAy6kulvE,order_paid_clean,0,
payment,pay_yemmCpwnbyAk6g,payment_refunded,order_iIVYUWEJpEWZiX,order_refunded,0,
payment,pay_ytoCr3Il1XcMC5,payment_applied,order_qnFAlQ8piP3wPN,order_paid_clean,0,
payment,pay_fOf0VhR07URGOA,payment_applied,order_uJAA65DluMUmIM,order_paid_clean,0,
payment,pay_dAuUoDpfc9VuNR,payment_applied,order_8UMBvtpBRYKyP0,order_paid_clean,0,
payment,pay_u8oVyQ6O9SqHGq,payment_failed,order_8UMBvtpBRYKyP0,failed_then_captured,0,failed attempt; a later capture succeeded
payment,pay_tZLnUIFyNRWcJe,payment_applied,order_w7otS4wzIj6KJK,order_paid_clean,0,
payment,pay_U6Y9yJyMBrwtm3,payment_applied,order_FD3zAuVdmikXyf,order_paid_clean,0,
payment,pay_Iz2GBipBJ2xYbi,payment_applied,order_G0JBtJTgOAs7cD,order_paid_clean,0,
payment,pay_RIoc2iffB3TXYa,payment_applied,order_YX0b1ABWnXnSvp,order_paid_clean,0,
payment,pay_swDC51ALsjnMeY,payment_applied,order_6VZIaM7J8WbwrJ,order_paid_clean,0,
payment,pay_5UcEACsUGlVIwG,payment_applied,order_W90EH9AVIDpBMv,order_paid_clean,0,
payment,pay_9Gni7md4nvPZhh,payment_applied,order_MJhcBs4McZhGuD,order_paid_clean,0,
payment,pay_QhI0joDYrfvT4n,payment_applied,order_IaYpQKhbSzl5xv,order_paid_clean,0,
payment,pay_pOiOwgDMzmKlD8,payment_applied,order_kjTkeOeIUWtwaI,order_paid_clean,0,
payment,pay_m94Iq2DuFN6vBZ,payment_applied,order_KBelv7I0F6NTaV,order_paid_clean,0,
payment,pay_lfOOcUZEV3k53u,payment_failed,order_KBelv7I0F6NTaV,failed_then_captured,0,failed attempt; a later capture succeeded
payment,pay_FnSIlnXgF45LqI,payment_applied,order_F4V0TuvC5b0tcs,order_paid_clean,0,
payment,pay_Xb5EmQ2FnnYCJV,payment_failed,order_F4V0TuvC5b0tcs,failed_then_captured,0,failed attempt; a later capture succeeded
payment,pay_btk1jZ3avDK1cL,payment_applied,order_1oIaRVxnbfOv4T,order_paid_clean,0,
payment,pay_ZFikViJNcPC5PH,exception_amount_mismatch,order_gqImtad8qok5oR,amount_mismatch,0,captured amount differs from order amount
payment,pay_PSIf6hcb3gYCzv,payment_applied,order_bluAiRbjrcq17N,order_paid_clean,0,
payment,pay_mQ8LCa8y0wSOO4,payment_applied,order_SuZJijff2RvLcM,order_paid_clean,0,
payment,pay_PgGp4Az3OcfqM4,payment_applied,order_UmK0LpTjm7Dxiz,order_paid_clean,0,
payment,pay_kcEFD8OcFQNwQr,payment_applied,order_InZPHIss0gvdC8,order_paid_clean,0,
payment,pay_Grpx0pXlcAbLc7,payment_applied,order_TVc7mTRdI4xeP7,order_paid_clean,0,
payment,pay_4fKyP9nYv2lrU2,payment_applied,order_pfX42iXwn2oZW6,order_paid_clean,0,
payment,pay_HBGC0jhJPN3mN9,payment_applied,order_zcMSA5w9OjLSoF,order_paid_clean,0,
payment,pay_fWUKhhNYNzFIcU,payment_applied,order_n9dHSmihmbR8I0,order_paid_clean,0,
payment,pay_iWXVGNFK4IqE4W,payment_applied,order_fTdBOOaZmH6s1S,order_paid_clean,0,
payment,pay_wLAGIjg6BKSRzk,payment_applied,order_QqgtsLmRMUMtxL,order_paid_clean,0,
payment,pay_t0APy2PKUybKZW,payment_applied,order_uyvjliNjFsX63c,order_paid_clean,0,
payment,pay_CcMxe5THX9g8ST,payment_applied,order_y58axqbVfhx0VY,order_paid_clean,0,
payment,pay_TzNn3XbZn6qyg8,payment_applied,order_UQ6GsGqkXEjFga,order_paid_clean,0,
payment,pay_m9mt2GTVZMKjTI,payment_applied,order_ZFuinw9nRrBwHc,order_paid_clean,0,
payment,pay_RRQjZAOhKKN3gG,payment_applied,order_qnI3PwqXAYpq7x,order_paid_clean,0,
payment,pay_B3xSmWLE6Glw96,payment_applied,order_ZYdmjWgDFjJiXk,order_paid_clean,0,
payment,pay_QPk63NH0ypcJEz,payment_applied,order_iRllGWVgkCtOFJ,order_paid_clean,0,
payment,pay_B03Lb293TIVSCD,payment_failed,order_iRllGWVgkCtOFJ,failed_then_captured,0,failed attempt; a later capture succeeded
payment,pay_kZRchOGOAechV9,payment_refunded,order_YUQv29vYOEUM9T,order_refunded,0,
payment,pay_jVKPyWb8DJOMkN,payment_applied,order_PDjemMJz0apAKK,order_paid_clean,0,
payment,pay_lBDdZ5ptisxx2y,payment_applied,order_F7nMwMVjLSasTW,order_paid_clean,0,
payment,pay_zGgADP7TTiPTFd,payment_applied,order_BNwDyDzH0HnU7g,order_paid_clean,0,
payment,pay_pgElVVyGizg2kC,payment_applied,order_3ZaFSRbMwhzMd0,order_paid_clean,0,
payment,pay_2v0mMdUzC843rC,payment_applied,order_WEPxJYasXr3XjI,order_paid_clean,0,
payment,pay_UwvlqxMr0RDIbr,payment_applied,order_kZYgqxx240j67p,order_paid_clean,0,
payment,pay_dnsvVJ8hLOVTS9,payment_applied,order_7fzH6rmXnBEyl8,order_paid_clean,0,
payment,pay_kO15vWHMFvTjlk,payment_applied,order_YRVxFmIPpLQJAh,order_paid_clean,0,
payment,pay_Eji6O2UTSQlkxC,payment_applied,order_N9oSSHU6TEfS5x,order_paid_clean,0,
payment,pay_CehznnlaKaNRpO,payment_applied,order_ArDbYXv3d5WwZ2,order_paid_clean,0,
payment,pay_d6OHOMLXe5ujRO,payment_applied,order_L2uM59LiZ4n5m2,order_paid_clean,0,
payment,pay_S90RWqcNgJHxIk,payment_applied,order_4xZqQiaB8oS75t,order_paid_clean,0,
payment,pay_rJN68I4FWYIl7Y,payment_applied,order_0VdHc6uyvo3mCf,order_paid_clean,0,
payment,pay_CpQ9JMGYiWXXm9,exception_amount_mismatch,order_3Cti7bavDr2uEz,amount_mismatch,0,captured amount differs from order amount
payment,pay_WBn2ykMRObbjDZ,payment_applied,order_klCBqTYB510M5A,order_paid_clean,0,
payment,pay_VwlJUJYR6Q3uBM,payment_applied,order_b9jwmlbWvhlouA,order_paid_clean,0,
payment,pay_RiPskhAhpko0e0,payment_applied,order_moi7FxoHBHH6ue,order_paid_clean,0,
payment,pay_jrCfgrXPFi0saZ,payment_applied,order_BANAXfGYu6cm30,order_paid_clean,0,
payment,pay_qcP447X6OAktcP,exception_amount_mismatch,order_OXaNKJwApGtN3l,amount_mismatch,0,captured amount differs from order amount
payment,pay_5G9nEHGPNUiTZP,payment_applied,order_EI8YOjSBF6PpuG,order_paid_clean,0,
payment,pay_xu6t4yW5WWZx37,payment_failed,order_EI8YOjSBF6PpuG,failed_then_captured,0,failed attempt; a later capture succeeded
payment,pay_HjPPofYwdrpJ65,payment_applied,order_UhSP1vfhgAOWnT,order_paid_clean,0,
payment,pay_Q2krLDulubqTkW,payment_applied,order_hXd60GSjPT4BfV,order_paid_clean,0,
payment,pay_2ErTvJurzlR0uw,payment_applied,order_wuzZbzPHM5VCP7,order_paid_clean,0,
payment,pay_sZ4OE4lfRYFYrb,payment_applied,order_cbXUFoxpZ3BB9b,order_paid_clean,0,
payment,pay_ql5MTqSGEKAhOI,payment_applied,order_1Ek20sRulqIMp8,order_paid_clean,0,
payment,pay_QLDsJIpqZI6LMx,payment_applied,order_7FH808UC4A6hTj,order_paid_clean,0,
payment,pay_qgIuvycyT597rA,payment_applied,order_mGNdllxIejxMiQ,order_paid_clean,0,
payment,pay_nOZUReGAPt6Jsd,payment_applied,order_HLq8lCu0AiqE46,order_paid_clean,0,
payment,pay_iV14Yb41Lz8eM1,payment_applied,order_wxEPQ75eJV9Vc4,order_paid_clean,0,
payment,pay_JwLGsA0BRMx50c,payment_applied,order_mLRP5F6mHit2QT,order_paid_clean,0,
payment,pay_bsTH6gAdwXG3bl,payment_applied,order_uYVL7joObiNszI,order_paid_clean,0,
payment,pay_iFk0q4ijADC3fO,payment_applied,order_kywvtpHvVCi6Jd,order_paid_clean,0,
payment,pay_JJqkJEL9CvNf6S,payment_applied,order_XiR7R3HZa7OuDP,order_paid_clean,0,
payment,pay_670TtMTikYB2Wq,payment_applied,order_3MudktNw539F79,order_paid_clean,0,
payment,pay_y0kNaonIbBgcQ4,payment_applied,order_TXK8ESc4UK9Jg6,order_paid_clean,0,
payment,pay_NqtpcdRTMUIfqM,payment_applied,order_zrFARiCgwDpt6L,order_paid_clean,0,
payment,pay_vYMklgpnncpFzj,payment_applied,order_3vr6hHi4LBDkaK,order_paid_clean,0,
payment,pay_zBPVSjU1xN6379,payment_applied,order_o1SjIM2yBI9MZ7,order_paid_clean,0,
payment,pay_9iskkiYyXFfU7G,payment_applied,order_61hMuvbmWmWYCK,order_paid_clean,0,
payment,pay_NGAR1Y35lBllUO,payment_applied,order_VDBn9WdwcyVrDr,order_paid_clean,0,
payment,pay_6lepsqiiiPx4ia,payment_applied,order_LNcctbz21ZvhnI,order_paid_clean,0,
payment,pay_hufiDK19epWoB3,payment_applied,order_o3HjbLOTKOsyao,order_paid_clean,0,
payment,pay_8cGfyF0rCAqkJx,payment_applied,order_kDu5iyDNi3yWr2,order_paid_clean,0,
payment,pay_PiLFlu2inoEbJV,payment_applied,order_dTuX7x4kjWrCKB,order_paid_clean,0,
payment,pay_9QcELD3pmApNxJ,payment_applied,order_ICge3S5VLVT00a,order_paid_clean,0,
payment,pay_eGd82ccUHF6Qtc,payment_applied,order_JWF1joZWL0kbBz,order_paid_clean,0,
payment,pay_QXORNigCGOmFTY,payment_applied,order_SJcsGKI1JNLyel,order_paid_clean,0,
payment,pay_Fr7BpEgGgWg4fU,payment_applied,order_X0YRRCWVirYZmT,order_paid_clean,0,
payment,pay_gMUO0Ij9T91k5m,payment_applied,order_kfHaki5taX4eVs,order_paid_clean,0,
payment,pay_VTXCpKwV0cWy4c,payment_applied,order_HFPfyNcwsPyz1l,order_paid_clean,0,
payment,pay_1Tot7NhN8zuYZ0,payment_applied,order_cohsmkzO9wBRPn,order_paid_clean,0,
payment,pay_OoNZYGoIp6DnE8,payment_applied,order_EpIiIrVKU7Xz8I,order_paid_clean,0,
payment,pay_yYcGRpe89FrrnX,payment_applied,order_tyQkwWuUfo3NJ9,order_paid_clean,0,
payment,pay_ATcHCO9dlVlB5A,payment_applied,order_GW9eImoFX73QMO,order_paid_clean,0,
payment,pay_Jv8KLuhndrUiVW,payment_applied,order_wetNdH2ubhAAPI,order_paid_clean,0,
payment,pay_n7tRtBlV5nB4rg,payment_applied,order_5oQSk3wHQJCoxL,order_paid_clean,0,
payment,pay_KMZNIEt2aDTLji,payment_applied,order_DbASrwLljbXi6W,order_paid_clean,0,
payment,pay_eQUMEOgd4mnULU,payment_applied,order_mxJ08BDqVsjCvL,order_paid_clean,0,
payment,pay_7UQIT4KCDAQKN7,payment_applied,order_fgl3zI8VmO3Qpj,order_paid_clean,0,
payment,pay_EUUOf9bISKJTVj,payment_applied,order_GuUZjRblBmOMrj,order_paid_clean,0,
payment,pay_i4XAHXyrHeKDk7,payment_applied,order_BSYzMvRJ81ephE,order_paid_clean,0,
payment,pay_J39wZEAF3M4Ll7,payment_applied,order_KIRH9BEcEGjdx2,order_paid_clean,0,
payment,pay_eNP4hr2PsTMwLh,payment_applied,order_0f1Azq9e8rCFNw,order_paid_clean,0,
payment,pay_qyja2qRlhK8fMx,payment_applied,order_1v6uEvPm45pfyJ,order_paid_clean,0,
payment,pay_TJ4txrJTiwn2hw,payment_applied,order_HCeSfVEcpRmIcK,order_paid_clean,0,
payment,pay_7OhcNOPzhij2nY,payment_applied,order_Bj2Er2dLQOwCp0,order_paid_clean,0,
payment,pay_kNVPfUZ91VEDTI,payment_applied,order_9CRTR1TVii3SzM,order_paid_clean,0,
payment,pay_i837wjBVFtYSLT,payment_applied,order_Kf49U0IAzX1Re2,order_paid_clean,0,
payment,pay_0YGWB9QbGCOLgk,payment_applied,order_WpEE0sT2cjNJAb,order_paid_clean,0,
payment,pay_SIz8g6QnRN4H3h,payment_applied,order_rJlyWOKSzLlfN3,order_paid_clean,0,
payment,pay_7sov1t0etATSFK,exception_amount_mismatch,order_w6DkVRwNksO3BS,amount_mismatch,0,captured amount differs from order amount
payment,pay_Rg9p7E1MvUdmny,payment_applied,order_7hBMUwBc51ymfm,order_paid_clean,0,
payment,pay_WHYJqKsKBU5WR0,payment_failed,order_7hBMUwBc51ymfm,failed_then_captured,0,failed attempt; a later capture succeeded
payment,pay_5MJJa2yvsoJFw1,payment_applied,order_VXtfdQbmmj4msh,order_paid_clean,0,
payment,pay_AHmyQmU3Q7X2qx,payment_applied,order_uIPqr35AcjS5if,order_paid_clean,0,
payment,pay_qKFjew0jzJLq0U,payment_applied,order_Thpyoedww5nxoM,order_paid_clean,0,
payment,pay_Toh4us6Qu7qBwl,payment_applied,order_nUC3AsRscMqiRd,order_paid_clean,0,
payment,pay_R9dL7uesFdmGFb,payment_applied,order_2qnX94N4GGPmSI,order_paid_clean,0,
payment,pay_llo1LYcOnJ2jDM,payment_applied,order_dxvwURpTITCCrG,duplicate_payment,0,
payment,pay_FSvgfKZXUMyGyQ,exception_duplicate_payment,order_dxvwURpTITCCrG,duplicate_payment,0,second capture against an already-paid order
payment,pay_d9sec3hz51b12O,payment_applied,order_ZsuU5TWqIPWLpB,order_paid_clean,0,
payment,pay_aCctXNEkdmTDde,payment_applied,order_V5IUaoQoUtiLNM,order_paid_clean,0,
payment,pay_HlSKOTYBXB1FeW,payment_applied,order_8nmZGamzy3NQuo,order_paid_clean,0,
payment,pay_EKVS9jxq3g6Hez,payment_applied,order_011yDDw5aCaMyI,order_paid_clean,0,
payment,pay_XU8uRl9621rtS2,payment_applied,order_XTSkCumBNvnBF3,order_paid_clean,0,
payment,pay_bQo1eNeduZ1PkF,exception_payment_no_order,,payment_no_order,0,captured payment carries no order reference
payment,pay_olTK7iRRp2FEFR,exception_payment_no_order,,payment_no_order,0,captured payment carries no order reference
payment,pay_cuEGfuc4Y3ySel,exception_payment_no_order,,payment_no_order,0,captured payment carries no order reference
payment,pay_TqZl88SxebsvTX,exception_payment_no_order,,payment_no_order,0,captured payment carries no order reference
payment,pay_3oNQ48QfmtiE7o,exception_payment_no_order,,payment_no_order,0,captured payment carries no order reference
payment,pay_ixyxGcPs09fEyW,exception_payment_no_order,,payment_no_order,0,captured payment carries no order reference
